car_number|sex|age|marriage|region|job|car_capacity|car_year|car_model   
A0022|여|65|미혼|강원|회사원|1500|2009|E
A0024|여|35|미혼|울산|전문직|1200|2009|A
A0029|여|60|미혼|충남|프리랜서|1000|2009|B
A0036|여|17|기혼|전북|주부|1700|2009|A
A0061|남|33|기혼|광주|주부|1700|2009|D
A0068|여|18|기혼|부산|회사원|2000|2009|E
A0075|남|57|기혼|경남|학생|1500|2009|G
A0098|여|37|기혼|경남|회사원|2500|2009|H
B0010|남|38|기혼|부산|전문직|3500|2009|A
B0038|남|67|기혼|부산|학생|3500|2009|E
B0053|여|45|미혼|경남|회사원|1700|2009|D
B0057|남|49|미혼|전남|개인사업|1500|2009|A
B0065|여|33|기혼|경기|프리랜서|1700|2009|C
B0079|여|15|미혼|강원|공무원|1700|2009|E
B0090|여|67|기혼|대구|회사원|3000|2009|B
C0022|남|44|기혼|울산|공무원|1200|2009|H
C0031|남|44|미혼|울산|회사원|1700|2009|A
C0060|여|69|미혼|전남|전문직|1000|2009|A
C0075|여|66|기혼|대전|학생|1700|2009|A
D0011|남|16|미혼|충남|개인사업|1200|2009|D
D0049|남|36|미혼|부산|프리랜서|2500|2009|F
E0006|남|63|미혼|광주|주부|3000|2009|A
E0025|여|27|기혼|충남|전문직|2500|2009|F
E0057|여|30|기혼|인천|개인사업|2500|2009|E
E0062|여|70|미혼|서울|개인사업|1500|2009|H
E0099|남|26|미혼|대구|전문직|3000|2009|G
F0011|남|18|미혼|대전|회사원|3000|2009|C
F0045|남|50|미혼|전북|프리랜서|3000|2009|E
G0001|여|62|미혼|충남|프리랜서|2500|2009|A
G0014|여|64|기혼|대전|주부|3000|2009|A
G0031|남|46|미혼|충남|개인사업|2500|2009|B
G0038|여|68|미혼|강원|공무원|1200|2009|F
G0049|남|21|미혼|울산|프리랜서|2500|2009|C
G0050|남|21|미혼|부산|프리랜서|3500|2009|C
G0095|여|37|미혼|광주|개인사업|1200|2009|B
H0007|여|67|기혼|광주|전문직|1700|2009|C
H0032|남|66|기혼|제주|전문직|1000|2009|E
H0042|여|31|기혼|경남|주부|2000|2009|H
H0054|여|39|미혼|부산|주부|3500|2009|F
H0057|남|60|기혼|강원|회사원|1700|2009|A
H0063|남|68|기혼|울산|전문직|1500|2009|G
H0071|남|50|미혼|인천|개인사업|2000|2009|C
H0074|남|51|기혼|충남|전문직|1200|2009|C
H0080|여|17|기혼|인천|전문직|2000|2009|D
I0028|남|38|미혼|강원|공무원|1500|2009|F
I0072|여|27|미혼|강원|전문직|1700|2009|C
I0076|남|66|미혼|전남|전문직|1000|2009|D
I0090|남|40|기혼|경남|개인사업|1000|2009|A
J0012|여|38|미혼|울산|회사원|1700|2009|H
J0017|여|16|미혼|대구|주부|1000|2009|D
J0028|남|51|기혼|충남|학생|1500|2009|D
J0035|여|24|기혼|강원|회사원|2000|2009|H
J0051|여|48|미혼|서울|전문직|1500|2009|D
J0079|남|45|기혼|인천|전문직|3000|2009|G
J0080|여|44|미혼|충북|전문직|1700|2009|C
J0094|남|52|기혼|전북|주부|2000|2009|E
K0011|남|53|기혼|광주|개인사업|1500|2009|G
K0077|여|69|기혼|부산|회사원|1000|2009|D
K0099|여|30|미혼|경남|공무원|1200|2009|E
L0008|남|18|미혼|대구|프리랜서|1000|2009|E
L0021|여|18|미혼|대구|전문직|2500|2009|F
L0038|남|30|기혼|강원|전문직|2500|2009|E
L0053|여|22|기혼|부산|학생|2500|2009|F
L0059|남|56|미혼|경남|학생|1500|2009|A
L0062|남|16|기혼|대전|회사원|2500|2009|F
L0075|여|62|기혼|대전|공무원|2500|2009|F
M0008|여|23|기혼|대구|회사원|1000|2009|F
M0015|여|36|미혼|경북|개인사업|1700|2009|F
M0022|남|43|미혼|서울|프리랜서|1000|2009|A
M0034|여|44|미혼|제주|학생|2000|2009|F
M0035|여|17|미혼|전북|주부|3500|2009|B
M0037|여|44|미혼|경기|주부|1200|2009|D
M0051|여|43|미혼|대구|학생|1000|2009|C
M0063|남|18|미혼|대전|공무원|1700|2009|C
M0071|여|23|미혼|대구|공무원|3500|2009|G
M0090|남|58|기혼|강원|개인사업|3000|2009|A
M0092|여|31|기혼|전북|학생|1500|2009|C
M0093|남|30|기혼|경기|개인사업|1700|2009|H
N0007|남|52|미혼|대전|전문직|1200|2009|H
N0015|남|52|기혼|전남|학생|1700|2009|G
N0020|남|62|기혼|인천|프리랜서|3500|2009|C
N0054|남|29|기혼|울산|공무원|1200|2009|C
N0087|여|54|기혼|부산|공무원|2500|2009|B
O0008|남|55|기혼|세종|공무원|2000|2009|F
O0010|여|45|기혼|서울|전문직|3500|2009|F
O0016|남|42|미혼|서울|학생|3000|2009|A
O0019|여|65|미혼|강원|회사원|2000|2009|A
O0023|남|16|기혼|서울|주부|1700|2009|B
O0024|여|29|미혼|충북|학생|2500|2009|H
O0025|남|23|미혼|경남|전문직|1500|2009|A
O0056|남|53|미혼|전남|회사원|3500|2009|C
O0071|여|52|미혼|인천|프리랜서|3500|2009|D
O0072|여|34|미혼|전남|주부|1500|2009|G
O0074|여|28|기혼|전남|프리랜서|2000|2009|C
P0039|남|48|미혼|대구|프리랜서|3500|2009|D
P0073|남|28|기혼|전남|전문직|1200|2009|E
P0077|남|34|기혼|경기|개인사업|3000|2009|F
P0092|여|34|미혼|울산|전문직|2500|2009|F
P0095|남|50|기혼|경기|회사원|3000|2009|G
P0098|남|31|기혼|대구|주부|1500|2009|F
Q0016|여|39|미혼|경북|학생|3500|2009|A
Q0020|남|59|미혼|전북|학생|3500|2009|H
Q0023|여|47|미혼|대전|공무원|3000|2009|C
Q0024|여|64|미혼|경기|개인사업|1700|2009|B
Q0059|남|30|기혼|인천|개인사업|3500|2009|A
Q0060|남|62|기혼|광주|주부|1000|2009|A
Q0073|여|52|기혼|대전|학생|1200|2009|G
Q0074|남|41|기혼|세종|프리랜서|1000|2009|A
Q0087|남|67|기혼|울산|주부|2500|2009|E
R0002|남|69|기혼|충남|공무원|1700|2009|F
R0012|남|52|미혼|전남|주부|1000|2009|H
R0028|여|67|기혼|대구|공무원|2000|2009|A
R0033|남|53|미혼|대전|학생|1500|2009|G
R0052|남|17|기혼|강원|전문직|1200|2009|A
R0064|여|35|미혼|경남|공무원|2000|2009|H
R0076|여|47|미혼|충북|공무원|1500|2009|F
S0013|남|55|기혼|세종|전문직|3000|2009|H
S0023|남|46|미혼|경북|회사원|1000|2009|H
S0025|여|28|기혼|충북|프리랜서|3500|2009|H
S0036|여|55|미혼|전북|공무원|3500|2009|C
S0040|여|25|기혼|부산|주부|1700|2009|B
S0067|여|62|기혼|서울|프리랜서|1000|2009|A
S0097|남|65|기혼|부산|학생|1000|2009|C
T0011|여|37|미혼|경기|프리랜서|3000|2009|A
T0032|여|59|미혼|대전|회사원|3000|2009|H
T0040|여|69|기혼|제주|프리랜서|2500|2009|G
T0084|남|55|기혼|울산|전문직|3500|2009|G
U0003|여|64|미혼|강원|공무원|3000|2009|H
U0014|남|70|기혼|전남|주부|2500|2009|G
U0022|여|45|기혼|전북|프리랜서|1000|2009|E
U0031|여|53|기혼|대전|전문직|1700|2009|G
U0053|남|64|미혼|인천|주부|1000|2009|E
U0057|남|21|기혼|인천|프리랜서|3000|2009|E
U0076|남|19|미혼|세종|회사원|1700|2009|A
U0082|여|62|미혼|광주|회사원|3000|2009|A
U0095|여|53|미혼|강원|개인사업|3500|2009|E
V0040|여|19|기혼|제주|개인사업|2000|2009|F
V0064|여|22|미혼|경남|학생|2500|2009|E
V0077|남|28|미혼|전남|회사원|1500|2009|C
W0055|여|53|기혼|전남|주부|2500|2009|E
W0078|여|17|기혼|대구|회사원|1500|2009|G
X0021|남|20|미혼|충남|프리랜서|1500|2009|E
X0022|여|55|미혼|대구|프리랜서|1700|2009|H
X0026|남|30|기혼|인천|프리랜서|1200|2009|C
X0029|남|54|기혼|서울|공무원|2500|2009|G
X0041|남|68|기혼|충북|공무원|3500|2009|B
X0043|남|39|기혼|경남|회사원|1000|2009|H
X0045|남|32|미혼|인천|학생|2000|2009|H
X0048|여|56|미혼|대전|전문직|3500|2009|C
X0088|남|46|기혼|제주|회사원|2000|2009|G
X0091|여|70|기혼|제주|전문직|3000|2009|D
X0092|남|24|기혼|강원|회사원|3500|2009|D
Y0020|남|45|기혼|울산|개인사업|3000|2009|G
Y0074|여|45|미혼|전남|전문직|1000|2009|D
Z0003|여|15|미혼|강원|프리랜서|1200|2009|H
Z0035|남|24|미혼|강원|전문직|3500|2009|B
Z0048|여|64|미혼|인천|학생|3000|2009|D
Z0057|남|23|기혼|충북|프리랜서|2500|2009|H
Z0058|남|69|기혼|광주|학생|2500|2009|G
Z0061|여|49|기혼|경기|회사원|1500|2009|D
Z0083|남|15|기혼|충남|전문직|1700|2009|C
Z0090|여|70|미혼|경남|개인사업|1700|2009|D
Z0091|남|27|기혼|경남|회사원|2000|2009|A
Z0092|남|33|미혼|강원|회사원|1500|2009|E
A0016|여|17|미혼|강원|회사원|2000|2010|G
A0021|여|22|기혼|대구|전문직|2000|2010|A
A0051|여|52|미혼|경북|주부|3500|2010|G
A0052|여|56|기혼|서울|프리랜서|1700|2010|B
A0076|남|21|미혼|대전|회사원|1500|2010|D
A0093|여|22|미혼|대전|회사원|1500|2010|D
B0001|여|41|기혼|충북|공무원|3500|2010|B
B0006|여|54|기혼|강원|공무원|1500|2010|H
B0009|여|16|미혼|인천|프리랜서|1500|2010|H
B0020|남|40|기혼|부산|공무원|1200|2010|B
B0023|여|22|미혼|부산|개인사업|2000|2010|E
B0045|남|30|미혼|세종|프리랜서|1200|2010|G
B0052|여|47|미혼|경기|개인사업|2500|2010|C
B0055|남|51|미혼|경남|회사원|3000|2010|A
B0058|남|17|기혼|세종|개인사업|1200|2010|C
B0060|남|63|기혼|대전|회사원|2000|2010|H
B0063|여|33|미혼|대구|공무원|2500|2010|B
B0076|남|16|미혼|울산|개인사업|1000|2010|G
C0003|여|29|미혼|광주|개인사업|1000|2010|B
C0011|여|47|기혼|충북|개인사업|2000|2010|H
C0054|남|48|기혼|경남|공무원|1500|2010|H
D0005|남|49|기혼|울산|주부|1500|2010|C
D0018|남|26|미혼|세종|학생|2500|2010|A
D0028|남|50|기혼|세종|회사원|2500|2010|D
D0048|여|19|미혼|서울|개인사업|3000|2010|A
D0053|여|69|미혼|광주|전문직|3000|2010|H
D0063|여|30|미혼|충북|학생|3500|2010|H
D0064|남|36|미혼|전북|회사원|1700|2010|F
D0065|남|50|기혼|충남|프리랜서|1200|2010|G
D0075|남|67|기혼|대전|전문직|1500|2010|B
D0099|여|39|기혼|경북|프리랜서|1700|2010|C
E0001|남|67|미혼|전북|주부|2500|2010|A
E0017|남|20|미혼|전남|학생|3000|2010|F
E0018|남|32|미혼|전북|프리랜서|2500|2010|G
E0047|여|70|미혼|광주|전문직|2500|2010|F
E0049|여|32|기혼|광주|학생|1500|2010|E
E0070|남|28|미혼|전북|주부|1500|2010|A
F0005|남|56|기혼|부산|주부|1200|2010|A
F0014|여|15|기혼|경북|개인사업|1000|2010|D
F0034|남|66|미혼|서울|학생|1200|2010|C
F0037|여|24|미혼|강원|회사원|1700|2010|H
F0053|여|42|미혼|경북|공무원|2000|2010|D
F0076|남|56|기혼|부산|주부|1500|2010|C
F0089|남|53|미혼|충북|회사원|1200|2010|B
G0003|여|68|기혼|충남|공무원|2500|2010|H
G0018|여|37|기혼|충북|공무원|1500|2010|A
G0021|여|59|기혼|대구|회사원|1500|2010|F
G0027|여|65|기혼|충남|전문직|1200|2010|C
G0053|여|30|미혼|울산|개인사업|2000|2010|F
G0055|남|68|기혼|경남|회사원|1200|2010|C
G0091|남|34|미혼|세종|학생|2500|2010|G
H0001|남|25|미혼|서울|회사원|3000|2010|D
H0027|여|45|미혼|강원|전문직|2500|2010|A
H0045|여|30|미혼|경기|주부|1500|2010|A
H0073|여|21|기혼|전남|회사원|1200|2010|C
H0076|남|25|기혼|전남|주부|3500|2010|C
H0087|남|17|기혼|부산|회사원|3000|2010|F
I0002|남|55|미혼|광주|학생|1200|2010|D
I0022|여|67|기혼|서울|회사원|2500|2010|B
I0063|여|32|기혼|경북|주부|1000|2010|E
I0082|남|35|기혼|제주|주부|3000|2010|C
J0034|여|15|기혼|대구|공무원|1200|2010|H
J0037|남|21|기혼|인천|전문직|1700|2010|H
K0002|여|59|미혼|세종|개인사업|2500|2010|B
K0054|남|66|미혼|전북|전문직|2000|2010|G
K0066|남|26|미혼|대구|프리랜서|3000|2010|A
K0098|남|53|미혼|제주|학생|1700|2010|G
L0023|남|40|기혼|대전|주부|3000|2010|D
L0042|여|56|기혼|부산|회사원|2500|2010|E
L0055|여|29|미혼|경남|학생|1200|2010|D
L0076|남|17|기혼|강원|전문직|2000|2010|D
L0085|남|37|미혼|부산|공무원|1500|2010|D
L0087|여|37|미혼|광주|프리랜서|1500|2010|C
L0095|여|17|기혼|충남|주부|1200|2010|E
L0098|여|30|미혼|광주|학생|1700|2010|D
M0011|여|50|미혼|강원|개인사업|2000|2010|F
M0028|남|55|기혼|인천|프리랜서|1000|2010|F
M0096|남|64|미혼|경남|전문직|3500|2010|F
N0068|여|63|미혼|경남|주부|1200|2010|E
N0091|남|15|기혼|전북|프리랜서|1200|2010|G
N0095|남|65|미혼|충남|학생|1200|2010|A
O0002|여|60|기혼|강원|프리랜서|3000|2010|E
O0018|남|29|미혼|서울|공무원|1500|2010|D
O0030|남|34|기혼|세종|학생|2500|2010|H
O0038|남|57|기혼|대구|전문직|3500|2010|H
O0041|여|18|미혼|세종|전문직|1700|2010|F
O0046|여|15|기혼|대구|회사원|2000|2010|H
O0078|남|55|기혼|충북|개인사업|1500|2010|D
P0006|여|63|미혼|제주|프리랜서|3500|2010|C
P0021|여|18|미혼|제주|주부|1700|2010|F
P0054|여|56|미혼|전북|전문직|2000|2010|A
P0058|남|35|기혼|대구|프리랜서|1500|2010|D
P0082|남|41|미혼|대구|전문직|1500|2010|C
P0083|여|62|기혼|전남|전문직|2000|2010|A
P0090|여|33|기혼|인천|전문직|1500|2010|D
Q0012|남|34|기혼|서울|전문직|2000|2010|F
Q0013|여|59|미혼|경기|회사원|1200|2010|H
Q0025|여|54|미혼|경남|회사원|2000|2010|F
Q0065|여|27|미혼|인천|회사원|1700|2010|A
Q0067|여|50|기혼|광주|프리랜서|1500|2010|A
Q0093|여|69|미혼|부산|전문직|1700|2010|C
Q0094|여|18|미혼|인천|주부|2000|2010|C
R0005|여|57|기혼|광주|프리랜서|1200|2010|F
R0026|남|68|기혼|인천|주부|1200|2010|G
R0050|여|68|기혼|인천|회사원|2500|2010|H
R0077|남|27|미혼|울산|학생|1700|2010|G
R0086|남|41|미혼|서울|프리랜서|2500|2010|D
R0098|남|16|기혼|경남|주부|2000|2010|A
S0044|여|25|기혼|인천|주부|3000|2010|F
S0054|여|64|기혼|광주|학생|1000|2010|A
S0062|여|22|미혼|울산|개인사업|3000|2010|C
T0050|남|18|기혼|경남|전문직|1000|2010|E
T0090|여|27|미혼|전북|개인사업|1500|2010|A
U0005|여|16|기혼|부산|회사원|3000|2010|C
U0016|남|22|미혼|경기|개인사업|2000|2010|G
U0019|여|41|기혼|인천|학생|1200|2010|H
U0036|남|65|기혼|경북|회사원|3500|2010|E
U0070|여|35|기혼|전남|전문직|1200|2010|D
U0079|여|55|기혼|서울|회사원|2500|2010|D
V0029|남|67|기혼|전남|학생|1700|2010|H
V0081|여|44|미혼|세종|공무원|1700|2010|G
V0086|여|26|미혼|전남|회사원|2500|2010|E
W0022|여|59|기혼|전남|개인사업|3500|2010|D
W0024|여|28|미혼|광주|학생|3500|2010|G
W0025|여|58|미혼|전북|프리랜서|1500|2010|H
W0027|여|52|미혼|충남|전문직|3500|2010|C
W0028|남|45|미혼|광주|학생|1700|2010|D
W0036|여|68|미혼|울산|학생|3500|2010|F
W0079|남|48|미혼|대전|학생|2500|2010|B
W0086|여|60|미혼|강원|프리랜서|2500|2010|A
W0087|여|42|기혼|강원|개인사업|2000|2010|B
X0009|남|67|미혼|울산|개인사업|1500|2010|E
Y0041|여|38|미혼|충남|프리랜서|1500|2010|B
Y0043|남|18|미혼|경남|프리랜서|1500|2010|D
Y0047|여|20|기혼|전남|개인사업|1700|2010|H
Y0059|남|25|기혼|광주|프리랜서|1000|2010|E
Y0067|여|28|미혼|세종|회사원|1200|2010|F
Y0085|남|58|미혼|울산|주부|1500|2010|F
Y0092|여|17|기혼|부산|주부|3000|2010|G
Z0007|여|47|미혼|세종|프리랜서|1700|2010|A
Z0017|여|21|기혼|부산|주부|1000|2010|H
Z0024|여|51|기혼|전남|주부|2000|2010|H
Z0034|여|39|미혼|경기|주부|3000|2010|C
Z0065|남|40|미혼|제주|주부|3500|2010|E
Z0081|남|35|미혼|부산|학생|3000|2010|A
Z0089|남|31|미혼|부산|개인사업|3500|2010|C
A0005|남|67|미혼|대구|공무원|1700|2011|C
A0026|남|42|기혼|대전|프리랜서|2500|2011|F
A0028|남|61|기혼|강원|전문직|1700|2011|E
A0032|남|23|기혼|세종|프리랜서|1200|2011|B
A0041|여|69|기혼|인천|학생|2500|2011|B
A0059|남|19|기혼|강원|회사원|1700|2011|D
A0083|남|69|미혼|대구|회사원|1000|2011|C
B0007|남|66|미혼|전북|학생|3000|2011|D
B0008|남|61|기혼|경북|개인사업|1200|2011|F
B0025|여|55|미혼|충남|학생|3000|2011|C
B0033|여|58|기혼|전북|전문직|3000|2011|G
B0037|여|65|미혼|경북|주부|1200|2011|A
C0008|여|39|기혼|강원|개인사업|1200|2011|F
C0009|남|69|미혼|대구|회사원|2000|2011|C
C0017|남|21|기혼|제주|주부|3500|2011|F
C0019|여|42|기혼|울산|주부|1500|2011|H
C0035|남|45|미혼|세종|공무원|2000|2011|C
C0041|남|36|미혼|전남|공무원|2000|2011|E
C0045|남|61|미혼|충북|학생|2500|2011|E
C0063|남|65|미혼|전남|주부|2000|2011|A
C0064|남|28|미혼|충남|회사원|2500|2011|E
C0065|남|62|기혼|제주|주부|1200|2011|A
C0070|여|41|기혼|서울|학생|3500|2011|C
C0084|여|48|기혼|경기|공무원|1700|2011|C
D0016|남|20|미혼|경북|학생|1500|2011|A
D0031|여|65|미혼|광주|프리랜서|3500|2011|C
D0047|남|24|미혼|대전|회사원|1500|2011|E
D0051|여|40|미혼|전남|공무원|1700|2011|C
D0054|여|56|기혼|전남|회사원|1700|2011|F
D0070|남|46|기혼|강원|프리랜서|2500|2011|E
E0027|남|56|기혼|대구|개인사업|3000|2011|D
E0042|남|28|기혼|부산|회사원|1500|2011|D
E0054|남|53|기혼|대구|프리랜서|1700|2011|E
E0065|여|67|미혼|충남|회사원|3000|2011|C
E0069|남|15|미혼|울산|주부|2000|2011|F
E0074|남|56|미혼|전북|공무원|2000|2011|F
E0086|여|25|기혼|경북|회사원|1700|2011|B
E0094|남|50|미혼|서울|주부|2000|2011|H
F0023|남|18|미혼|대전|회사원|2000|2011|G
F0048|여|35|기혼|강원|주부|1000|2011|B
F0069|남|68|기혼|전북|주부|2000|2011|D
F0084|남|45|미혼|충남|회사원|1700|2011|C
F0090|남|19|기혼|대전|주부|3500|2011|H
G0029|남|20|미혼|세종|회사원|1000|2011|E
G0036|남|18|기혼|전북|전문직|1700|2011|A
G0039|여|65|기혼|충북|프리랜서|1200|2011|G
G0062|남|27|미혼|대구|공무원|1200|2011|D
G0064|남|44|기혼|충남|공무원|2000|2011|B
G0076|남|22|미혼|대구|공무원|1200|2011|D
G0100|남|38|미혼|강원|개인사업|2500|2011|F
H0021|여|40|기혼|부산|회사원|3500|2011|D
H0023|남|45|기혼|대구|주부|3000|2011|H
H0044|남|44|미혼|대구|학생|1700|2011|E
H0046|여|63|미혼|대구|회사원|3500|2011|C
H0100|남|41|기혼|세종|프리랜서|3500|2011|F
I0004|남|62|미혼|대전|학생|1000|2011|D
I0012|여|42|기혼|경남|회사원|1200|2011|D
I0049|남|50|기혼|강원|프리랜서|1700|2011|H
I0051|여|22|미혼|대구|프리랜서|2000|2011|H
I0075|여|70|미혼|경기|주부|1200|2011|D
I0077|여|36|미혼|충북|학생|2500|2011|C
J0007|남|22|미혼|부산|공무원|1700|2011|A
J0030|여|44|기혼|경기|전문직|2000|2011|E
J0038|여|29|기혼|세종|주부|1700|2011|D
J0055|남|16|기혼|충남|공무원|3000|2011|A
J0078|여|53|기혼|전남|학생|3000|2011|F
K0006|남|68|기혼|인천|공무원|1000|2011|D
K0009|남|54|미혼|울산|회사원|2000|2011|E
K0027|여|48|미혼|경기|주부|3000|2011|C
K0030|여|46|기혼|제주|전문직|1200|2011|E
K0068|여|60|기혼|광주|전문직|1700|2011|C
K0070|여|48|미혼|경기|회사원|1000|2011|G
K0088|여|61|기혼|세종|개인사업|3500|2011|A
L0011|남|46|기혼|전남|학생|1200|2011|D
L0029|남|37|기혼|전북|개인사업|1700|2011|E
L0046|남|25|기혼|광주|프리랜서|1500|2011|C
L0058|남|27|미혼|경기|프리랜서|3000|2011|E
L0063|남|61|미혼|광주|공무원|1700|2011|G
M0027|남|23|미혼|부산|공무원|1200|2011|F
M0072|여|48|기혼|충남|프리랜서|1700|2011|C
M0082|남|15|기혼|충북|전문직|1700|2011|C
M0097|남|38|미혼|세종|프리랜서|1700|2011|G
N0008|여|48|미혼|서울|학생|1200|2011|E
N0048|남|44|기혼|대구|개인사업|3000|2011|B
N0062|남|64|기혼|충북|회사원|1500|2011|C
N0083|여|24|기혼|경북|주부|1700|2011|F
O0068|남|54|기혼|인천|프리랜서|1000|2011|E
O0098|남|57|미혼|대전|공무원|2500|2011|H
P0015|남|42|미혼|대전|회사원|1700|2011|E
P0017|여|56|기혼|충북|공무원|3000|2011|D
P0019|여|33|기혼|제주|회사원|1500|2011|H
P0048|남|38|미혼|대전|공무원|1000|2011|G
P0075|남|23|기혼|전북|회사원|2500|2011|A
P0076|여|59|미혼|대구|개인사업|2500|2011|G
P0088|여|52|미혼|광주|전문직|1200|2011|D
P0089|여|37|미혼|제주|학생|1700|2011|E
Q0006|여|44|미혼|부산|학생|1500|2011|B
Q0022|남|38|미혼|대구|주부|1700|2011|F
Q0044|남|31|미혼|경기|학생|3500|2011|G
Q0063|여|56|미혼|경북|학생|1700|2011|B
Q0081|남|32|기혼|경북|개인사업|2000|2011|D
R0006|여|50|기혼|경남|회사원|2500|2011|C
R0014|남|36|미혼|서울|전문직|1200|2011|H
R0031|여|39|미혼|울산|주부|1700|2011|F
R0040|남|16|기혼|인천|공무원|2500|2011|G
R0041|여|44|기혼|인천|학생|1200|2011|H
R0055|여|35|기혼|전남|프리랜서|3500|2011|E
R0057|남|37|미혼|대구|개인사업|1500|2011|H
R0094|여|60|기혼|전북|전문직|1000|2011|B
R0095|남|35|미혼|서울|전문직|2000|2011|H
S0041|남|45|미혼|경남|학생|1700|2011|D
S0076|여|53|기혼|충남|공무원|3500|2011|F
T0002|남|42|미혼|충북|학생|1500|2011|G
T0003|여|54|미혼|경기|프리랜서|3000|2011|A
T0008|여|45|미혼|충북|학생|2500|2011|H
T0016|여|67|미혼|충북|개인사업|2500|2011|C
T0074|남|37|미혼|대전|개인사업|2000|2011|B
U0012|남|31|미혼|전남|회사원|3500|2011|E
U0032|여|45|미혼|서울|회사원|1200|2011|C
U0051|여|19|미혼|제주|주부|2500|2011|E
U0054|남|56|미혼|경남|개인사업|1200|2011|D
U0089|여|30|기혼|경기|개인사업|3000|2011|B
V0036|여|40|기혼|인천|프리랜서|2000|2011|H
V0044|여|24|미혼|제주|프리랜서|1000|2011|H
V0045|남|46|기혼|인천|전문직|1000|2011|G
V0052|여|37|미혼|광주|개인사업|1500|2011|G
V0085|여|47|기혼|충북|개인사업|3000|2011|F
V0092|남|41|미혼|제주|학생|1700|2011|E
W0016|여|32|미혼|제주|전문직|3500|2011|H
W0021|남|63|미혼|강원|전문직|1700|2011|D
W0052|남|31|미혼|서울|회사원|1000|2011|D
W0060|여|30|기혼|서울|회사원|3000|2011|H
W0068|남|63|미혼|광주|전문직|3000|2011|C
X0027|남|25|기혼|충북|주부|3000|2011|H
X0033|남|46|기혼|강원|주부|3000|2011|G
X0087|남|24|미혼|부산|공무원|1000|2011|F
Y0039|여|34|기혼|부산|학생|3000|2011|C
Y0056|남|44|기혼|충북|학생|1500|2011|A
Y0057|남|38|기혼|대전|프리랜서|2500|2011|A
Y0058|남|59|미혼|광주|회사원|3500|2011|G
Y0076|남|40|미혼|제주|프리랜서|2500|2011|A
Y0086|여|28|미혼|경기|공무원|2500|2011|E
Y0094|여|49|기혼|충북|프리랜서|1000|2011|B
Z0009|남|60|기혼|광주|개인사업|1700|2011|D
Z0012|남|30|기혼|인천|주부|2000|2011|H
Z0022|여|64|기혼|전남|프리랜서|2000|2011|C
Z0025|여|39|미혼|대구|회사원|2500|2011|C
Z0029|여|48|미혼|부산|회사원|3000|2011|H
Z0039|여|40|기혼|제주|프리랜서|1200|2011|F
Z0044|여|47|미혼|전남|회사원|3500|2011|B
Z0051|남|65|미혼|전남|프리랜서|1000|2011|B
Z0053|남|67|기혼|울산|전문직|1200|2011|A
Z0080|남|43|기혼|경남|전문직|1000|2011|C
Z0097|남|27|기혼|대구|주부|2500|2011|C
Z0098|여|49|기혼|경북|학생|3000|2011|H
A0007|남|61|미혼|전남|개인사업|1700|2012|E
A0010|여|69|미혼|제주|개인사업|1200|2012|A
A0030|남|69|기혼|제주|주부|1200|2012|H
A0039|여|52|미혼|대구|개인사업|1700|2012|H
A0043|여|43|미혼|경북|학생|1200|2012|C
A0045|여|45|미혼|서울|공무원|1700|2012|B
A0074|여|15|기혼|강원|학생|2000|2012|D
A0086|여|59|미혼|강원|학생|1000|2012|H
A0099|남|30|미혼|광주|개인사업|3500|2012|D
B0017|여|16|미혼|부산|개인사업|2500|2012|G
B0043|여|68|미혼|대전|개인사업|1700|2012|F
B0059|여|15|기혼|전남|주부|2000|2012|A
B0068|여|70|미혼|경기|전문직|1700|2012|C
B0082|남|42|미혼|인천|회사원|2000|2012|G
B0100|남|66|미혼|충북|주부|3500|2012|E
C0042|여|63|미혼|충북|전문직|1500|2012|E
C0049|여|22|미혼|경기|주부|1500|2012|E
C0050|여|50|기혼|전북|개인사업|1200|2012|B
C0074|남|68|기혼|제주|회사원|3500|2012|C
C0076|여|43|기혼|울산|학생|1200|2012|A
C0100|여|55|미혼|대구|공무원|1000|2012|B
D0027|여|56|미혼|제주|학생|1200|2012|C
D0044|여|23|기혼|광주|전문직|1700|2012|E
D0056|남|31|미혼|대전|전문직|1200|2012|C
D0061|남|48|기혼|전남|회사원|1000|2012|F
D0072|여|66|기혼|강원|프리랜서|1700|2012|B
D0081|남|59|미혼|경기|프리랜서|1500|2012|F
D0096|남|42|기혼|전남|전문직|3500|2012|B
E0004|여|45|기혼|부산|주부|1700|2012|E
E0010|남|50|미혼|충남|공무원|1000|2012|H
E0019|여|34|기혼|울산|주부|1700|2012|F
E0031|남|23|미혼|부산|회사원|1200|2012|D
E0058|남|35|미혼|광주|학생|3500|2012|B
E0059|남|70|기혼|충북|주부|1700|2012|E
E0083|여|20|미혼|제주|개인사업|3000|2012|E
E0088|여|48|기혼|광주|개인사업|3500|2012|G
F0010|남|50|기혼|경남|주부|1700|2012|D
F0021|여|27|미혼|울산|개인사업|1700|2012|D
F0022|여|20|기혼|서울|개인사업|1000|2012|F
F0033|남|28|미혼|대전|전문직|2000|2012|A
F0035|여|28|기혼|경기|전문직|2000|2012|G
G0017|남|25|기혼|서울|개인사업|3500|2012|E
G0048|남|28|기혼|경남|프리랜서|1700|2012|B
G0058|여|46|기혼|광주|회사원|1700|2012|H
G0065|남|63|기혼|울산|학생|1700|2012|H
G0079|여|18|기혼|충북|주부|3500|2012|E
G0082|남|16|기혼|경기|학생|1700|2012|D
G0087|여|57|미혼|울산|전문직|3000|2012|A
G0093|남|19|미혼|세종|주부|2000|2012|G
H0003|남|36|기혼|강원|주부|3000|2012|G
H0005|여|48|기혼|대구|회사원|1200|2012|E
H0015|여|51|기혼|세종|전문직|2500|2012|B
H0050|여|69|미혼|서울|개인사업|2000|2012|H
H0058|남|65|기혼|전북|개인사업|1700|2012|C
H0077|여|58|미혼|경북|개인사업|2500|2012|G
H0090|여|40|기혼|강원|공무원|2500|2012|E
H0092|여|30|미혼|경기|주부|3500|2012|C
H0094|여|24|기혼|전북|주부|1200|2012|B
I0001|남|69|기혼|대구|주부|1500|2012|F
I0011|남|30|기혼|울산|전문직|3000|2012|F
I0016|여|29|기혼|충북|개인사업|2000|2012|E
I0019|여|64|미혼|충북|개인사업|3000|2012|H
I0020|남|49|기혼|경남|전문직|2000|2012|G
I0059|여|49|미혼|대구|개인사업|3000|2012|G
I0079|여|29|기혼|경기|학생|3000|2012|F
I0089|여|65|미혼|부산|전문직|3500|2012|D
J0005|남|40|미혼|울산|전문직|3500|2012|B
J0073|여|50|미혼|충남|프리랜서|3500|2012|G
J0074|여|54|기혼|강원|주부|1700|2012|H
J0085|여|68|미혼|경기|공무원|1700|2012|F
J0089|남|15|기혼|강원|프리랜서|1700|2012|B
K0052|여|63|기혼|광주|주부|1000|2012|G
K0057|여|46|기혼|광주|주부|1500|2012|B
K0059|남|17|기혼|충남|학생|2500|2012|F
K0071|여|15|미혼|울산|프리랜서|3500|2012|H
K0078|여|33|미혼|강원|개인사업|1700|2012|B
K0084|여|25|기혼|전남|주부|2500|2012|A
L0041|남|32|기혼|강원|개인사업|2000|2012|C
L0049|남|50|미혼|전남|회사원|1500|2012|F
L0054|여|19|미혼|광주|개인사업|2500|2012|E
L0060|여|51|기혼|충남|개인사업|3500|2012|H
L0069|남|69|기혼|제주|프리랜서|1500|2012|F
L0073|남|66|기혼|강원|학생|1200|2012|C
L0079|여|66|기혼|충북|회사원|2500|2012|A
M0016|여|34|기혼|제주|공무원|2000|2012|F
M0044|남|69|미혼|세종|공무원|1700|2012|A
M0045|여|17|미혼|강원|회사원|2000|2012|G
M0061|남|23|기혼|대전|주부|1700|2012|G
M0080|남|27|기혼|대구|프리랜서|2000|2012|D
N0027|남|48|미혼|전북|주부|1200|2012|G
N0031|여|20|기혼|부산|회사원|3000|2012|D
N0038|여|41|미혼|서울|공무원|1000|2012|G
N0039|여|69|미혼|대구|프리랜서|2000|2012|B
N0059|여|59|미혼|대전|학생|1500|2012|H
N0082|여|40|기혼|제주|프리랜서|1700|2012|G
N0089|남|25|기혼|광주|개인사업|1500|2012|E
N0100|여|16|미혼|울산|개인사업|3500|2012|F
O0007|여|37|미혼|전북|프리랜서|3000|2012|B
O0015|여|15|미혼|인천|회사원|1500|2012|B
O0028|남|52|미혼|대전|주부|1700|2012|H
O0048|남|61|기혼|대구|공무원|3000|2012|D
O0050|남|41|미혼|대구|회사원|3000|2012|E
O0061|여|66|미혼|전남|프리랜서|3500|2012|E
O0066|여|38|미혼|서울|공무원|3000|2012|D
O0069|여|64|기혼|경북|전문직|2500|2012|C
O0088|남|62|미혼|경남|학생|2500|2012|B
P0012|남|62|기혼|광주|프리랜서|1500|2012|E
P0028|여|15|미혼|경북|전문직|1700|2012|A
P0031|남|25|기혼|인천|주부|1500|2012|H
P0035|남|50|미혼|울산|주부|2500|2012|H
P0066|여|22|미혼|전남|회사원|1700|2012|C
P0078|남|47|미혼|강원|학생|1000|2012|D
P0096|남|70|기혼|광주|학생|3000|2012|E
P0097|여|28|미혼|전북|개인사업|1000|2012|E
Q0004|남|27|기혼|전남|개인사업|2000|2012|F
Q0036|여|52|기혼|전남|개인사업|3000|2012|D
Q0058|남|37|기혼|서울|개인사업|3000|2012|E
Q0078|남|26|기혼|인천|공무원|1500|2012|B
R0013|여|60|미혼|세종|주부|3500|2012|G
R0044|여|38|미혼|경북|학생|1500|2012|F
R0056|여|34|기혼|광주|주부|1700|2012|C
R0062|여|36|미혼|전북|전문직|1500|2012|G
R0078|남|23|기혼|충남|주부|1000|2012|F
S0012|남|62|기혼|충북|전문직|1000|2012|E
S0014|여|19|기혼|충남|학생|3500|2012|F
S0056|남|68|기혼|전북|프리랜서|1000|2012|A
S0057|여|58|기혼|서울|공무원|2000|2012|A
S0059|여|37|기혼|세종|회사원|1500|2012|A
T0015|남|65|미혼|충북|프리랜서|3000|2012|A
T0030|남|56|기혼|전북|학생|1000|2012|E
T0049|남|47|기혼|광주|주부|1000|2012|B
T0054|여|64|기혼|경북|전문직|1500|2012|E
T0056|여|46|미혼|울산|학생|3000|2012|B
T0058|남|36|기혼|부산|주부|1500|2012|H
T0059|여|52|기혼|전남|개인사업|1700|2012|F
T0083|여|47|기혼|경남|공무원|2000|2012|F
U0006|여|21|기혼|대전|주부|3500|2012|E
U0009|남|52|기혼|세종|전문직|1000|2012|D
U0018|여|70|기혼|경남|주부|2000|2012|F
U0026|남|24|미혼|충남|회사원|2500|2012|A
U0039|남|46|미혼|충북|개인사업|2500|2012|F
U0067|남|33|미혼|대구|학생|3500|2012|B
U0069|여|15|미혼|전북|주부|1500|2012|B
U0093|여|29|기혼|부산|학생|1500|2012|B
V0020|여|38|미혼|대구|개인사업|3000|2012|F
V0021|여|47|기혼|충북|프리랜서|1200|2012|C
V0033|여|43|미혼|충북|공무원|1000|2012|C
V0058|여|24|미혼|대구|개인사업|2500|2012|F
V0062|남|43|미혼|충북|프리랜서|2500|2012|F
V0076|여|63|미혼|부산|주부|2000|2012|D
V0080|여|70|기혼|대구|프리랜서|2000|2012|G
V0082|남|40|미혼|부산|개인사업|2000|2012|G
V0099|남|46|미혼|대구|개인사업|1700|2012|E
W0026|여|68|기혼|세종|회사원|2000|2012|F
W0033|남|68|기혼|광주|공무원|3000|2012|D
W0063|여|56|기혼|세종|주부|2500|2012|G
W0082|여|38|기혼|제주|공무원|1700|2012|B
W0091|남|25|미혼|경남|전문직|3000|2012|F
X0059|여|65|미혼|대구|프리랜서|1000|2012|E
X0100|남|40|기혼|경남|주부|3500|2012|E
Y0012|남|20|기혼|제주|전문직|2000|2012|B
Y0027|남|28|미혼|대전|회사원|2000|2012|C
Y0050|여|33|기혼|부산|전문직|1000|2012|H
Z0036|남|18|기혼|충북|개인사업|1500|2012|H
A0018|여|70|기혼|경북|개인사업|2000|2013|H
A0019|남|32|기혼|인천|주부|1700|2013|C
A0064|여|51|미혼|울산|프리랜서|1200|2013|G
A0089|남|52|미혼|울산|회사원|2500|2013|F
B0004|남|32|미혼|부산|전문직|1000|2013|D
B0011|여|26|기혼|강원|주부|2500|2013|E
B0019|남|44|미혼|대구|개인사업|1500|2013|F
B0026|남|21|미혼|충북|전문직|1700|2013|H
B0029|여|45|기혼|대전|주부|1700|2013|H
B0087|여|40|미혼|광주|프리랜서|3500|2013|G
B0088|여|40|미혼|충남|학생|1200|2013|F
C0071|남|58|미혼|부산|회사원|3500|2013|A
D0017|여|28|기혼|대전|개인사업|2500|2013|D
D0026|여|38|미혼|부산|프리랜서|1200|2013|B
D0057|여|15|미혼|광주|공무원|2500|2013|A
D0090|남|28|미혼|전북|주부|2500|2013|A
E0009|여|54|미혼|충북|학생|1700|2013|A
E0015|남|60|기혼|전남|학생|1700|2013|E
E0020|남|39|미혼|경기|개인사업|1500|2013|H
E0022|남|47|미혼|경남|프리랜서|1500|2013|F
E0023|남|51|기혼|광주|개인사업|2500|2013|H
E0026|여|27|미혼|경기|공무원|3500|2013|D
E0033|남|44|기혼|울산|공무원|1000|2013|F
E0045|남|68|미혼|경기|주부|1700|2013|H
E0068|여|63|기혼|전남|공무원|1000|2013|A
F0002|남|20|미혼|강원|회사원|2000|2013|H
F0068|남|35|기혼|인천|주부|3000|2013|B
F0071|남|33|미혼|충남|전문직|2000|2013|G
F0087|여|60|기혼|경기|주부|1200|2013|D
G0002|남|66|미혼|전남|프리랜서|1200|2013|E
G0006|여|53|기혼|대구|학생|1200|2013|C
G0023|여|28|미혼|충북|학생|3000|2013|H
G0035|남|65|기혼|제주|공무원|1200|2013|H
G0042|여|22|기혼|충북|개인사업|1000|2013|C
G0051|남|42|기혼|강원|프리랜서|3500|2013|F
G0063|남|46|기혼|충북|회사원|2000|2013|D
G0068|남|56|미혼|서울|학생|1500|2013|F
G0094|남|46|미혼|대전|공무원|1000|2013|F
H0013|남|63|미혼|서울|프리랜서|1000|2013|D
H0035|여|22|기혼|경기|전문직|2000|2013|D
H0052|남|23|미혼|대전|학생|2500|2013|C
H0067|남|24|미혼|충북|개인사업|1500|2013|F
H0079|남|19|기혼|세종|개인사업|1700|2013|E
I0009|남|26|미혼|경기|개인사업|3500|2013|B
I0030|남|29|기혼|서울|공무원|1700|2013|D
I0044|남|32|미혼|울산|공무원|1500|2013|F
I0069|남|40|미혼|서울|공무원|2500|2013|F
I0074|여|47|미혼|경기|프리랜서|3000|2013|A
I0084|남|43|미혼|울산|프리랜서|1500|2013|D
J0001|여|68|기혼|광주|회사원|1500|2013|F
J0016|여|58|기혼|경북|회사원|3500|2013|C
J0018|여|26|기혼|대전|전문직|2500|2013|A
J0032|여|47|기혼|부산|프리랜서|1000|2013|H
J0061|여|52|기혼|경남|공무원|1000|2013|A
J0065|남|58|미혼|인천|공무원|2000|2013|H
K0012|여|43|기혼|대전|주부|2000|2013|E
K0028|여|67|미혼|서울|전문직|2000|2013|H
K0039|여|67|기혼|대전|프리랜서|1200|2013|G
K0045|여|27|미혼|강원|회사원|3500|2013|H
L0009|여|43|기혼|충남|전문직|2000|2013|G
L0014|여|59|미혼|울산|개인사업|1700|2013|H
L0015|남|43|기혼|세종|학생|1700|2013|B
L0025|여|19|기혼|대구|공무원|3500|2013|E
L0026|여|15|기혼|세종|학생|3000|2013|B
L0028|남|16|미혼|경기|회사원|2000|2013|C
L0034|여|44|미혼|서울|프리랜서|3000|2013|D
L0047|여|34|기혼|전북|프리랜서|2500|2013|F
L0064|여|20|기혼|인천|전문직|1200|2013|B
L0065|남|26|기혼|대구|주부|2500|2013|D
L0084|여|53|미혼|충북|개인사업|1700|2013|E
M0003|남|17|기혼|서울|전문직|1500|2013|F
M0068|남|65|기혼|대전|회사원|3500|2013|F
M0069|여|50|미혼|광주|주부|1000|2013|G
M0083|남|40|미혼|대구|학생|1200|2013|C
M0091|남|17|기혼|부산|공무원|2000|2013|H
N0012|남|39|미혼|광주|개인사업|2500|2013|A
N0013|남|28|미혼|세종|주부|2000|2013|C
N0050|여|39|기혼|경북|공무원|1000|2013|F
N0052|여|60|기혼|경북|전문직|3000|2013|H
N0056|여|16|미혼|경북|학생|2500|2013|E
N0057|여|54|미혼|충남|프리랜서|2500|2013|G
N0058|여|69|미혼|강원|프리랜서|1000|2013|B
N0060|여|24|미혼|강원|주부|3500|2013|A
N0064|여|39|미혼|대전|회사원|1200|2013|F
N0096|여|41|기혼|경기|공무원|3000|2013|H
O0020|여|31|기혼|제주|공무원|1000|2013|H
O0054|여|33|미혼|전남|개인사업|3500|2013|F
O0081|여|42|기혼|대전|프리랜서|3500|2013|D
O0096|남|37|기혼|대전|주부|1700|2013|G
P0003|남|29|기혼|강원|주부|1700|2013|E
P0011|여|30|미혼|제주|공무원|3000|2013|B
P0023|남|30|기혼|세종|학생|2500|2013|F
P0033|여|17|기혼|울산|전문직|1200|2013|B
P0040|여|23|미혼|충북|주부|2500|2013|A
P0042|여|51|기혼|충남|공무원|2000|2013|E
P0045|남|19|미혼|부산|주부|1200|2013|B
P0056|남|57|미혼|강원|회사원|1500|2013|C
P0057|남|65|기혼|강원|프리랜서|2000|2013|G
Q0047|여|39|미혼|충북|개인사업|2000|2013|B
Q0054|여|32|기혼|경남|공무원|1200|2013|B
Q0055|남|36|미혼|경기|학생|1700|2013|F
Q0075|남|55|기혼|전남|개인사업|1500|2013|G
Q0095|여|44|기혼|대구|개인사업|2500|2013|B
Q0096|남|70|기혼|대구|공무원|1700|2013|C
R0045|남|25|미혼|충북|공무원|1000|2013|G
R0065|여|34|기혼|강원|주부|3000|2013|H
R0096|남|33|기혼|부산|공무원|3500|2013|G
S0002|남|55|미혼|경남|프리랜서|1500|2013|B
S0005|여|49|미혼|부산|학생|2500|2013|C
S0050|여|18|기혼|제주|주부|1500|2013|F
S0058|남|55|기혼|경남|주부|3000|2013|D
S0075|남|31|기혼|전남|학생|2000|2013|D
S0098|남|41|기혼|경북|개인사업|2000|2013|C
T0001|남|63|미혼|충남|전문직|3000|2013|F
T0007|남|65|미혼|전북|공무원|3000|2013|D
T0033|여|70|기혼|광주|회사원|2000|2013|E
T0038|남|56|기혼|강원|개인사업|3500|2013|D
T0039|여|60|미혼|제주|공무원|2500|2013|G
T0073|남|63|미혼|제주|프리랜서|3500|2013|H
T0075|여|42|기혼|광주|주부|1700|2013|B
T0089|남|33|미혼|경남|회사원|1500|2013|G
U0010|여|66|기혼|울산|주부|1200|2013|D
U0017|남|65|미혼|강원|전문직|3000|2013|D
U0037|여|39|기혼|전북|회사원|1500|2013|F
U0038|여|23|기혼|경기|공무원|1500|2013|D
U0064|여|23|기혼|대구|프리랜서|3000|2013|D
U0073|남|69|기혼|세종|학생|1200|2013|B
U0080|남|68|기혼|광주|학생|1500|2013|H
U0083|여|62|미혼|충남|공무원|1000|2013|B
U0090|여|20|미혼|제주|학생|1700|2013|H
U0100|남|58|미혼|경기|주부|1200|2013|H
V0001|여|54|미혼|충북|공무원|1500|2013|G
V0004|여|18|미혼|전북|회사원|1500|2013|A
V0010|남|20|기혼|서울|회사원|3500|2013|B
V0012|여|24|기혼|제주|개인사업|1200|2013|H
V0098|남|45|미혼|강원|학생|1000|2013|D
W0029|남|37|기혼|대구|주부|2000|2013|D
W0076|남|50|미혼|대구|학생|2000|2013|H
X0014|여|23|기혼|대전|공무원|2500|2013|H
X0061|남|31|미혼|경기|개인사업|2500|2013|D
X0065|남|53|기혼|울산|학생|3500|2013|C
X0069|남|32|기혼|제주|공무원|1200|2013|B
X0077|남|39|미혼|서울|개인사업|1500|2013|C
X0079|여|45|미혼|울산|프리랜서|2500|2013|G
X0080|여|37|미혼|광주|학생|2000|2013|B
X0086|남|55|미혼|경기|전문직|1000|2013|E
X0096|남|39|미혼|경남|전문직|1700|2013|H
Y0014|남|43|미혼|경기|프리랜서|1700|2013|H
Y0026|여|70|미혼|세종|개인사업|3000|2013|E
Y0045|남|34|미혼|충북|프리랜서|1000|2013|G
Y0068|여|68|기혼|경남|주부|1700|2013|A
Z0008|여|45|미혼|대전|개인사업|2000|2013|B
Z0050|남|41|기혼|인천|주부|3000|2013|C
Z0060|여|30|기혼|경기|회사원|3000|2013|D
Z0074|남|47|미혼|울산|전문직|1000|2013|F
Z0100|남|56|기혼|세종|전문직|3500|2013|C
A0037|여|45|기혼|충북|학생|1200|2014|D
A0079|여|15|미혼|서울|개인사업|1000|2014|H
B0014|남|40|미혼|충북|프리랜서|1000|2014|E
B0018|여|57|미혼|부산|전문직|1700|2014|A
B0031|남|65|기혼|부산|학생|3000|2014|F
B0032|남|22|기혼|제주|학생|1500|2014|B
B0036|남|44|미혼|강원|주부|2000|2014|F
B0047|여|26|기혼|충남|프리랜서|1700|2014|A
B0074|여|54|미혼|광주|개인사업|3500|2014|E
B0091|여|62|기혼|강원|회사원|1200|2014|C
B0094|여|55|기혼|서울|공무원|1500|2014|F
C0002|여|36|기혼|인천|학생|1000|2014|G
C0033|남|49|미혼|전북|개인사업|2500|2014|F
C0080|여|64|미혼|경남|공무원|2500|2014|A
C0086|여|64|미혼|경기|개인사업|1200|2014|A
C0088|여|20|기혼|울산|공무원|3000|2014|G
C0093|여|47|기혼|세종|프리랜서|3000|2014|H
D0021|여|58|미혼|광주|프리랜서|1700|2014|A
D0059|여|58|기혼|제주|주부|2000|2014|H
D0083|남|56|미혼|인천|학생|3500|2014|C
D0084|남|58|미혼|경남|학생|1700|2014|D
D0092|남|41|미혼|서울|학생|1200|2014|A
D0094|여|27|기혼|대구|프리랜서|1500|2014|H
E0005|남|64|미혼|전북|학생|1200|2014|B
E0008|여|16|기혼|광주|회사원|1700|2014|G
E0040|여|51|미혼|경북|개인사업|1500|2014|B
E0056|남|39|기혼|광주|개인사업|3500|2014|D
E0075|여|55|미혼|강원|주부|3000|2014|B
F0038|남|38|기혼|경북|주부|3000|2014|G
F0062|여|23|기혼|인천|주부|1500|2014|A
F0072|남|28|미혼|경남|학생|1700|2014|A
F0075|남|67|미혼|부산|전문직|1000|2014|A
F0077|여|48|미혼|대구|개인사업|3000|2014|A
F0086|여|44|미혼|경기|개인사업|1200|2014|F
F0088|남|55|기혼|충북|전문직|1000|2014|C
G0009|여|16|미혼|광주|개인사업|3500|2014|H
G0034|남|41|기혼|경북|개인사업|3000|2014|G
G0047|여|19|미혼|충남|학생|3500|2014|B
G0067|여|34|기혼|광주|주부|2500|2014|E
G0074|남|20|미혼|전북|개인사업|1700|2014|A
H0008|남|41|기혼|경남|회사원|1200|2014|F
H0017|여|40|기혼|세종|프리랜서|1700|2014|G
H0038|여|59|기혼|울산|공무원|1200|2014|F
H0065|남|66|미혼|세종|공무원|3000|2014|F
H0070|남|58|미혼|세종|전문직|1700|2014|A
H0096|여|16|기혼|인천|회사원|2000|2014|B
I0005|남|37|기혼|대전|개인사업|1700|2014|D
I0024|여|45|미혼|대전|개인사업|1500|2014|A
I0031|여|28|기혼|경북|학생|1700|2014|A
I0036|여|67|미혼|경남|공무원|3000|2014|D
I0037|남|56|미혼|경북|프리랜서|2500|2014|D
I0042|남|42|기혼|제주|개인사업|2000|2014|H
I0085|남|43|미혼|경북|주부|1000|2014|A
I0091|여|35|기혼|인천|공무원|1700|2014|D
J0024|여|21|기혼|강원|프리랜서|3000|2014|D
J0059|여|37|미혼|서울|전문직|3500|2014|G
J0077|남|37|기혼|대전|공무원|1000|2014|B
J0088|여|33|기혼|대구|전문직|2000|2014|F
J0097|여|67|기혼|충북|학생|3000|2014|F
K0033|여|36|미혼|경북|주부|3500|2014|H
K0053|여|61|기혼|경남|전문직|1200|2014|D
K0060|여|36|기혼|부산|주부|1700|2014|C
K0067|여|17|미혼|경남|전문직|1200|2014|C
K0073|여|51|미혼|전남|회사원|3000|2014|F
L0020|남|36|기혼|강원|학생|2500|2014|H
L0081|여|34|미혼|인천|학생|3000|2014|C
L0091|남|34|기혼|경북|회사원|1000|2014|B
L0094|남|17|기혼|전북|회사원|1200|2014|B
M0038|남|34|미혼|울산|공무원|2000|2014|G
M0053|남|69|기혼|전북|회사원|1200|2014|D
M0054|여|45|기혼|부산|전문직|3500|2014|B
M0064|남|58|미혼|전북|개인사업|1200|2014|E
M0076|여|28|기혼|울산|프리랜서|1500|2014|G
M0081|남|57|기혼|제주|전문직|1200|2014|C
N0002|여|19|기혼|울산|공무원|1000|2014|G
N0014|남|23|기혼|강원|공무원|1200|2014|B
N0028|여|33|미혼|부산|전문직|3000|2014|G
N0036|여|39|기혼|경남|개인사업|1000|2014|A
N0047|남|52|기혼|대전|주부|1200|2014|G
N0066|남|29|미혼|경남|개인사업|2500|2014|D
N0092|남|40|미혼|전북|전문직|3500|2014|G
O0006|남|29|미혼|인천|회사원|2500|2014|F
O0011|남|27|기혼|전남|프리랜서|3500|2014|H
O0031|여|42|미혼|충남|학생|1500|2014|F
O0049|남|58|기혼|강원|공무원|1000|2014|B
P0008|여|39|미혼|충남|프리랜서|3000|2014|A
Q0032|여|20|미혼|전남|공무원|3000|2014|H
Q0040|여|70|기혼|경남|학생|1200|2014|F
Q0072|여|44|미혼|제주|개인사업|3500|2014|B
R0007|여|65|미혼|인천|공무원|3000|2014|H
R0046|남|61|미혼|강원|회사원|1700|2014|H
R0061|여|58|기혼|대구|학생|1700|2014|E
R0067|여|43|기혼|인천|개인사업|1000|2014|E
R0082|여|30|미혼|충남|회사원|3000|2014|A
S0001|남|64|기혼|서울|개인사업|1000|2014|E
T0018|여|50|미혼|서울|전문직|1000|2014|B
T0022|남|63|미혼|울산|주부|2000|2014|E
T0026|남|51|기혼|부산|전문직|1500|2014|F
T0069|남|68|기혼|경북|회사원|1700|2014|B
T0099|남|29|기혼|충남|전문직|3000|2014|A
U0011|남|16|기혼|울산|공무원|2000|2014|A
V0005|여|64|미혼|경기|프리랜서|2000|2014|G
V0014|여|22|미혼|전북|전문직|1700|2014|B
V0042|여|16|미혼|충북|전문직|1700|2014|G
V0059|여|23|기혼|부산|주부|2500|2014|F
V0061|남|57|기혼|경기|개인사업|1000|2014|G
V0066|여|32|미혼|충남|주부|1000|2014|B
V0073|여|28|미혼|대구|공무원|2500|2014|G
V0089|남|42|미혼|대전|전문직|1200|2014|G
W0049|여|24|기혼|부산|공무원|3000|2014|C
W0062|여|51|미혼|대전|주부|1000|2014|A
W0100|여|20|기혼|인천|프리랜서|3000|2014|A
X0005|남|28|미혼|대구|회사원|3000|2014|B
X0016|여|68|기혼|제주|학생|2500|2014|B
X0030|여|64|미혼|경북|학생|3500|2014|F
X0039|남|61|기혼|부산|공무원|2500|2014|F
X0047|남|70|미혼|경남|전문직|1500|2014|F
X0051|남|68|기혼|대전|프리랜서|2500|2014|F
X0052|여|48|기혼|대구|프리랜서|1200|2014|A
Y0013|여|24|미혼|세종|학생|1000|2014|A
Y0028|여|52|미혼|경기|공무원|1500|2014|D
Y0037|남|26|기혼|강원|학생|3500|2014|A
Y0066|남|47|기혼|세종|전문직|2500|2014|D
Y0072|여|57|미혼|경남|프리랜서|2000|2014|B
Y0073|남|45|미혼|대구|공무원|2500|2014|G
Z0005|여|48|기혼|세종|개인사업|1700|2014|F
Z0013|남|27|기혼|충북|학생|3500|2014|E
Z0037|남|30|기혼|전북|학생|3000|2014|F
Z0055|남|27|미혼|경북|학생|2000|2014|H
Z0073|남|66|기혼|경기|학생|3000|2014|G
Z0099|남|70|미혼|경기|프리랜서|3000|2014|A
A0012|여|53|미혼|세종|학생|2500|2015|E
A0014|남|63|미혼|대구|공무원|1500|2015|C
A0034|남|24|미혼|전북|전문직|1200|2015|D
A0050|남|49|기혼|인천|학생|2500|2015|A
A0062|남|30|미혼|부산|회사원|3000|2015|G
A0066|남|50|기혼|대전|공무원|1700|2015|A
A0096|여|69|미혼|충남|학생|1200|2015|H
C0007|여|68|기혼|울산|공무원|3500|2015|B
C0015|남|26|미혼|제주|학생|1700|2015|D
C0051|남|58|미혼|전남|전문직|2000|2015|G
C0053|남|33|기혼|경북|회사원|1000|2015|A
C0055|여|17|기혼|강원|주부|1500|2015|F
C0056|남|41|미혼|경남|개인사업|2500|2015|A
C0077|남|70|기혼|충남|학생|3000|2015|E
C0082|남|46|기혼|세종|회사원|3000|2015|B
C0092|여|31|미혼|세종|개인사업|2500|2015|B
D0003|여|51|미혼|충북|주부|3000|2015|D
D0012|여|28|미혼|강원|주부|3500|2015|A
D0015|남|20|기혼|세종|프리랜서|2000|2015|E
D0033|남|67|미혼|충북|학생|1200|2015|A
D0079|여|48|기혼|울산|회사원|1700|2015|D
D0086|남|38|미혼|대구|주부|1500|2015|E
D0093|여|63|기혼|울산|주부|1700|2015|G
E0014|여|37|기혼|세종|프리랜서|1200|2015|H
E0039|남|21|미혼|강원|개인사업|3000|2015|B
E0060|여|35|기혼|경기|프리랜서|1500|2015|A
E0100|남|43|기혼|경남|공무원|1500|2015|H
F0003|남|29|미혼|울산|프리랜서|1000|2015|C
F0015|남|29|미혼|서울|개인사업|2500|2015|E
F0016|남|65|기혼|전남|주부|3000|2015|E
F0024|남|55|기혼|인천|주부|3500|2015|D
F0044|여|15|기혼|충남|개인사업|2000|2015|C
F0050|여|63|미혼|경남|전문직|1700|2015|E
F0070|여|24|미혼|강원|전문직|2000|2015|B
F0094|여|36|미혼|대구|전문직|3000|2015|E
G0033|남|46|미혼|경남|공무원|1700|2015|B
G0078|여|58|미혼|세종|주부|1200|2015|B
G0081|여|56|기혼|서울|회사원|1000|2015|B
G0085|여|66|기혼|경기|전문직|1000|2015|F
H0036|남|50|기혼|대구|전문직|2000|2015|E
H0039|남|38|미혼|인천|공무원|2500|2015|E
H0059|여|44|기혼|대전|학생|3500|2015|G
H0075|여|39|미혼|전남|학생|1000|2015|A
H0084|여|34|미혼|제주|공무원|1200|2015|C
I0013|남|51|기혼|경남|회사원|1200|2015|H
I0018|남|28|미혼|충북|프리랜서|2500|2015|A
I0052|남|16|기혼|광주|회사원|2000|2015|E
I0053|남|26|기혼|전북|주부|3000|2015|A
I0054|여|53|미혼|부산|개인사업|3500|2015|H
I0057|남|20|기혼|전북|공무원|1700|2015|A
J0015|남|21|기혼|경북|학생|1000|2015|F
J0022|남|52|기혼|인천|주부|2500|2015|D
J0023|여|55|미혼|서울|주부|1700|2015|F
J0041|여|59|기혼|충북|개인사업|2500|2015|F
J0050|남|51|미혼|강원|학생|3000|2015|H
K0015|여|16|기혼|경기|학생|1700|2015|A
K0034|남|57|미혼|대구|개인사업|1200|2015|D
K0049|남|52|기혼|광주|전문직|3500|2015|F
K0065|여|53|미혼|충북|주부|1500|2015|E
K0080|남|35|기혼|울산|공무원|1200|2015|G
L0005|남|27|미혼|경남|개인사업|2000|2015|G
L0030|여|58|기혼|울산|공무원|1000|2015|C
L0031|남|18|미혼|세종|주부|1700|2015|E
L0093|여|24|미혼|서울|주부|3000|2015|C
M0010|여|35|기혼|부산|학생|1200|2015|C
M0029|여|50|기혼|제주|회사원|1000|2015|G
M0073|남|22|미혼|대전|개인사업|3500|2015|D
M0078|여|29|기혼|울산|주부|3500|2015|B
N0009|여|19|기혼|충남|주부|2500|2015|G
N0011|여|52|미혼|울산|공무원|1200|2015|C
N0018|여|41|미혼|충북|개인사업|2000|2015|B
N0033|여|29|미혼|대구|프리랜서|3500|2015|G
N0034|여|19|기혼|제주|회사원|2000|2015|A
N0079|남|15|미혼|대전|개인사업|2000|2015|F
N0084|남|57|미혼|서울|프리랜서|1200|2015|F
N0085|남|53|기혼|대구|공무원|1000|2015|F
O0021|남|54|미혼|대전|주부|1500|2015|D
O0040|여|29|기혼|전북|공무원|2000|2015|D
O0053|여|34|기혼|경남|학생|1200|2015|D
O0067|남|54|기혼|울산|개인사업|3500|2015|H
O0083|여|54|미혼|울산|개인사업|2000|2015|G
O0086|남|59|기혼|대전|주부|1200|2015|D
O0087|여|61|기혼|충북|공무원|3000|2015|H
P0002|여|37|미혼|제주|프리랜서|1000|2015|A
P0004|남|48|미혼|대구|개인사업|2500|2015|C
P0014|남|68|미혼|대전|전문직|3000|2015|H
P0018|여|26|미혼|충남|전문직|3500|2015|C
P0020|남|62|미혼|광주|공무원|2000|2015|H
P0047|남|54|기혼|광주|주부|3500|2015|E
P0081|여|58|미혼|경북|학생|1200|2015|D
P0086|남|67|미혼|울산|학생|2000|2015|E
Q0018|남|16|기혼|충남|주부|2000|2015|C
Q0053|남|42|미혼|전남|주부|2000|2015|D
R0021|남|24|미혼|경남|회사원|3500|2015|D
R0036|남|29|미혼|서울|공무원|3500|2015|B
R0058|남|41|미혼|세종|프리랜서|2500|2015|E
R0070|남|36|미혼|전남|학생|2000|2015|E
R0072|여|19|미혼|대구|프리랜서|1000|2015|G
R0074|여|53|기혼|전남|전문직|2500|2015|C
S0038|여|65|미혼|경남|주부|2500|2015|H
S0045|남|30|기혼|대전|프리랜서|2000|2015|A
S0048|남|53|미혼|울산|전문직|3500|2015|C
S0053|남|63|미혼|인천|프리랜서|3500|2015|H
S0091|여|24|미혼|서울|개인사업|1500|2015|C
T0004|남|59|기혼|경남|회사원|3000|2015|E
T0012|여|33|기혼|부산|개인사업|1000|2015|E
T0027|남|22|기혼|경북|학생|1700|2015|C
T0053|남|60|기혼|경기|프리랜서|2500|2015|B
T0063|남|69|기혼|광주|개인사업|3500|2015|G
T0066|남|70|미혼|경북|주부|3500|2015|H
T0082|여|69|미혼|경남|공무원|3500|2015|A
U0001|남|29|미혼|전북|프리랜서|1500|2015|E
U0013|남|39|기혼|광주|전문직|3500|2015|G
U0020|남|46|기혼|강원|프리랜서|3500|2015|A
U0021|남|36|미혼|인천|전문직|1000|2015|G
U0023|남|24|미혼|경기|개인사업|2000|2015|E
U0068|여|67|미혼|울산|공무원|1200|2015|C
U0074|여|56|미혼|전남|개인사업|2500|2015|G
V0008|여|38|미혼|인천|프리랜서|1700|2015|E
V0047|여|41|미혼|대구|학생|1200|2015|G
V0055|여|54|미혼|세종|학생|1500|2015|A
V0063|여|33|미혼|부산|회사원|2000|2015|A
V0070|여|65|미혼|충남|학생|1000|2015|F
V0094|남|20|미혼|인천|프리랜서|1200|2015|F
W0010|여|20|미혼|경기|학생|2500|2015|A
W0013|여|58|미혼|경기|학생|1500|2015|A
W0034|여|65|기혼|충남|회사원|2500|2015|D
W0057|남|70|미혼|서울|전문직|1200|2015|F
W0069|남|42|기혼|경기|개인사업|1000|2015|A
X0003|남|45|미혼|전북|프리랜서|1000|2015|F
X0006|남|70|기혼|인천|프리랜서|1000|2015|C
X0013|여|49|미혼|전남|학생|1700|2015|A
X0017|여|32|기혼|전남|프리랜서|3500|2015|E
X0019|남|23|미혼|인천|프리랜서|1700|2015|E
X0046|여|31|미혼|대전|공무원|2000|2015|B
X0050|여|31|기혼|광주|프리랜서|3500|2015|H
X0055|남|63|기혼|대전|학생|1500|2015|F
X0070|여|28|미혼|대전|회사원|1500|2015|D
Y0044|남|17|미혼|인천|프리랜서|2000|2015|C
Y0053|여|37|기혼|세종|주부|1700|2015|C
Y0054|여|25|미혼|경남|회사원|2500|2015|B
Y0078|여|17|기혼|서울|프리랜서|2000|2015|C
Y0079|남|37|기혼|전남|공무원|1500|2015|H
Y0097|여|36|기혼|경북|회사원|1500|2015|E
Z0011|남|38|미혼|충남|개인사업|1200|2015|G
Z0030|여|59|기혼|부산|회사원|1700|2015|F
Z0043|여|42|미혼|울산|학생|1700|2015|B
Z0056|남|26|기혼|인천|학생|2000|2015|G
Z0082|여|66|미혼|전남|주부|1500|2015|C
Z0088|여|41|기혼|울산|전문직|1200|2015|E
Z0096|남|46|미혼|강원|프리랜서|3000|2015|E
A0057|남|32|미혼|전남|전문직|1700|2016|B
A0081|여|43|기혼|전북|전문직|1000|2016|H
A0084|남|22|기혼|대전|프리랜서|3000|2016|A
B0041|남|40|기혼|전북|회사원|1000|2016|C
B0044|여|24|미혼|대구|회사원|3000|2016|G
B0066|남|34|미혼|경남|개인사업|1500|2016|E
B0067|남|48|미혼|세종|전문직|1500|2016|C
B0080|남|58|기혼|전북|학생|1200|2016|B
C0098|여|62|미혼|세종|주부|2500|2016|G
D0006|여|32|기혼|대전|프리랜서|1500|2016|F
D0052|남|53|기혼|충남|주부|2500|2016|G
D0073|남|26|기혼|인천|공무원|2000|2016|H
E0002|여|34|기혼|광주|개인사업|2500|2016|H
E0011|여|39|미혼|전북|주부|3500|2016|F
E0012|남|35|미혼|제주|프리랜서|1500|2016|B
E0037|남|58|기혼|강원|공무원|3000|2016|G
E0041|여|25|미혼|울산|프리랜서|2000|2016|G
E0053|남|18|기혼|전북|개인사업|1000|2016|B
E0064|여|44|미혼|경남|프리랜서|1500|2016|A
E0071|여|15|기혼|제주|프리랜서|1200|2016|E
E0076|남|24|미혼|세종|전문직|1500|2016|E
E0078|여|58|미혼|전북|개인사업|3000|2016|H
E0090|여|65|기혼|광주|회사원|2500|2016|B
E0093|여|26|미혼|인천|개인사업|2000|2016|F
F0012|여|65|미혼|광주|공무원|1000|2016|F
F0026|남|39|미혼|대전|공무원|3000|2016|G
F0031|여|17|기혼|세종|회사원|2500|2016|E
F0042|여|40|미혼|부산|주부|1700|2016|B
F0051|여|20|미혼|울산|주부|3500|2016|H
F0059|남|36|기혼|세종|공무원|1500|2016|G
F0063|여|33|기혼|서울|공무원|3500|2016|A
G0015|여|55|미혼|전북|개인사업|3000|2016|C
G0020|남|27|기혼|충남|주부|1700|2016|B
H0004|여|57|미혼|세종|학생|1500|2016|C
H0030|여|40|미혼|울산|전문직|3000|2016|A
H0033|여|50|기혼|경북|주부|3000|2016|A
H0051|여|49|미혼|서울|프리랜서|3000|2016|G
H0083|남|50|기혼|제주|회사원|3000|2016|A
H0088|여|46|기혼|대구|회사원|1500|2016|E
I0025|여|48|기혼|제주|회사원|1200|2016|D
I0026|여|51|기혼|세종|회사원|1700|2016|A
I0027|여|24|미혼|서울|전문직|3500|2016|B
I0039|남|17|미혼|세종|회사원|2500|2016|E
I0047|여|38|기혼|울산|주부|3500|2016|E
I0067|여|40|미혼|충북|프리랜서|1700|2016|C
I0078|남|47|미혼|경기|프리랜서|2000|2016|B
I0092|여|43|미혼|전북|전문직|1000|2016|A
J0006|남|53|미혼|인천|학생|3500|2016|C
J0014|남|17|기혼|경북|공무원|2000|2016|C
J0020|여|52|미혼|울산|주부|2500|2016|E
J0025|남|50|기혼|광주|전문직|3500|2016|A
J0057|남|63|미혼|경기|개인사업|1200|2016|C
J0066|여|23|기혼|경기|공무원|1500|2016|F
J0076|남|25|기혼|인천|전문직|1000|2016|G
K0022|여|63|기혼|경북|주부|2000|2016|F
K0025|여|22|기혼|경북|주부|1200|2016|H
K0046|남|22|기혼|강원|프리랜서|3500|2016|B
K0056|남|19|미혼|울산|회사원|2500|2016|E
K0064|남|70|기혼|전남|전문직|1700|2016|G
L0003|여|42|기혼|강원|학생|1200|2016|A
L0017|남|51|미혼|충북|개인사업|2000|2016|F
L0018|여|15|기혼|광주|프리랜서|2500|2016|E
L0040|여|58|미혼|울산|학생|1700|2016|H
L0068|여|28|미혼|세종|주부|2000|2016|F
L0070|여|65|기혼|인천|개인사업|1200|2016|G
L0072|여|41|기혼|인천|회사원|1700|2016|A
L0088|여|34|기혼|울산|주부|2500|2016|D
L0092|남|50|기혼|대전|학생|2000|2016|F
M0013|여|60|미혼|대전|전문직|1700|2016|A
M0017|남|37|기혼|강원|전문직|3500|2016|F
M0050|여|33|미혼|부산|주부|1000|2016|E
M0059|남|51|미혼|세종|전문직|2000|2016|H
M0062|여|52|기혼|서울|학생|1700|2016|C
M0070|여|52|기혼|대전|학생|1200|2016|H
M0086|여|44|미혼|대전|프리랜서|1200|2016|C
M0098|여|22|기혼|광주|회사원|3000|2016|F
N0010|남|15|미혼|경기|공무원|3500|2016|H
N0045|여|54|미혼|전남|회사원|3000|2016|D
N0061|남|15|기혼|전북|프리랜서|2000|2016|A
N0078|여|41|미혼|세종|프리랜서|1500|2016|C
N0080|남|50|기혼|충남|개인사업|1700|2016|C
N0093|남|25|기혼|대전|공무원|1500|2016|E
O0029|남|22|미혼|세종|전문직|1200|2016|F
O0035|여|29|미혼|충북|개인사업|3500|2016|E
O0092|여|40|기혼|충북|공무원|2500|2016|F
P0001|여|46|기혼|부산|학생|1200|2016|B
P0029|남|49|미혼|세종|개인사업|1000|2016|F
P0038|남|52|기혼|충남|공무원|2000|2016|D
P0044|남|29|기혼|충남|학생|3000|2016|H
P0060|남|25|기혼|제주|회사원|2000|2016|F
P0068|남|22|기혼|경남|개인사업|1700|2016|C
P0074|남|22|미혼|부산|개인사업|1000|2016|E
Q0007|남|28|기혼|부산|회사원|1700|2016|A
Q0009|남|27|기혼|경기|공무원|1500|2016|G
Q0011|여|67|미혼|강원|전문직|3500|2016|D
Q0030|남|25|미혼|세종|프리랜서|1500|2016|C
Q0045|남|22|기혼|경남|회사원|2000|2016|B
Q0049|남|65|기혼|전남|학생|2000|2016|E
Q0084|여|69|미혼|충북|회사원|2000|2016|D
R0008|남|31|기혼|충남|회사원|2000|2016|A
R0037|여|41|미혼|경북|개인사업|1000|2016|F
R0048|여|15|미혼|서울|공무원|1200|2016|E
S0007|남|44|미혼|충남|개인사업|1500|2016|A
S0028|여|20|미혼|부산|학생|2500|2016|H
S0030|남|52|기혼|인천|프리랜서|1000|2016|C
S0037|남|45|미혼|부산|전문직|3000|2016|E
S0039|남|20|미혼|제주|프리랜서|2500|2016|A
S0078|여|32|기혼|제주|공무원|1500|2016|B
S0086|남|20|미혼|제주|전문직|1700|2016|B
S0087|남|32|기혼|충남|프리랜서|1000|2016|E
T0019|여|29|미혼|경남|프리랜서|2500|2016|A
T0042|남|19|미혼|제주|프리랜서|3000|2016|G
T0051|여|51|기혼|서울|주부|2500|2016|H
T0057|여|60|미혼|세종|전문직|1200|2016|G
T0092|여|18|기혼|서울|회사원|3500|2016|E
T0093|여|38|기혼|울산|개인사업|1000|2016|A
U0043|남|17|기혼|경기|공무원|1500|2016|G
U0044|남|46|미혼|충북|학생|2000|2016|G
U0052|남|35|미혼|경남|전문직|2500|2016|A
U0061|남|42|미혼|경북|개인사업|3500|2016|H
U0066|여|68|기혼|충남|회사원|2000|2016|G
U0097|남|45|기혼|부산|주부|1700|2016|H
V0018|남|34|미혼|세종|회사원|3500|2016|G
V0023|남|48|기혼|충남|전문직|1700|2016|E
V0069|남|51|미혼|인천|학생|1700|2016|D
W0017|여|31|미혼|전북|공무원|1000|2016|E
W0074|여|57|미혼|대전|학생|3500|2016|F
X0034|남|56|기혼|경북|회사원|1000|2016|C
X0037|남|59|미혼|부산|학생|1700|2016|G
X0071|남|34|미혼|제주|개인사업|1700|2016|C
X0072|여|17|미혼|전남|프리랜서|1500|2016|H
X0083|남|25|미혼|경북|회사원|1500|2016|E
X0098|남|17|미혼|울산|공무원|2500|2016|A
Y0001|남|66|기혼|경북|공무원|3000|2016|D
Y0015|남|22|기혼|경북|개인사업|2000|2016|H
Y0017|여|48|미혼|세종|개인사업|1500|2016|B
Y0035|남|70|미혼|경북|회사원|1700|2016|A
Y0049|여|30|기혼|광주|개인사업|2500|2016|H
Y0051|여|70|기혼|경기|개인사업|1200|2016|A
Y0064|여|70|미혼|대전|회사원|1500|2016|B
Y0084|여|64|기혼|전북|공무원|1500|2016|H
Y0099|여|46|기혼|충북|개인사업|2500|2016|G
Z0002|남|37|미혼|충남|회사원|3500|2016|A
Z0019|남|25|기혼|부산|주부|1200|2016|E
Z0063|남|60|미혼|경북|프리랜서|3500|2016|F
A0011|남|29|기혼|충남|주부|1000|2017|G
A0040|여|59|기혼|세종|주부|2500|2017|A
A0078|남|51|미혼|경남|주부|1700|2017|F
A0082|남|42|기혼|세종|프리랜서|1200|2017|H
B0048|여|60|미혼|대구|학생|1000|2017|H
B0049|남|67|기혼|충남|회사원|2000|2017|G
B0077|여|49|기혼|경남|프리랜서|1000|2017|E
B0083|남|37|미혼|제주|주부|2000|2017|A
B0085|여|20|미혼|서울|학생|2000|2017|H
B0095|여|43|기혼|경기|개인사업|1500|2017|B
C0004|남|64|미혼|경남|공무원|2000|2017|A
C0006|여|52|미혼|대구|프리랜서|2500|2017|G
C0024|여|47|미혼|광주|프리랜서|1200|2017|H
C0037|남|53|미혼|세종|공무원|1200|2017|F
C0059|남|21|미혼|부산|회사원|3500|2017|G
C0094|남|59|미혼|제주|학생|1700|2017|H
C0096|여|23|기혼|경기|프리랜서|2000|2017|A
D0023|여|55|기혼|충남|학생|1200|2017|A
D0025|남|70|미혼|충남|공무원|1500|2017|E
D0040|남|52|기혼|경북|학생|1200|2017|H
D0062|여|22|미혼|광주|전문직|1200|2017|B
D0067|여|52|미혼|제주|회사원|3500|2017|E
E0007|여|26|기혼|충북|주부|1200|2017|A
E0029|남|23|미혼|강원|공무원|1000|2017|A
E0030|남|20|미혼|전남|학생|2500|2017|F
E0087|남|59|미혼|전남|학생|1200|2017|E
F0007|여|35|미혼|대전|학생|1500|2017|B
F0008|남|35|미혼|대전|회사원|3000|2017|G
F0017|남|22|기혼|대전|회사원|2500|2017|H
F0030|여|17|기혼|세종|공무원|1500|2017|G
F0039|남|63|기혼|경북|프리랜서|3500|2017|H
F0046|여|49|기혼|인천|학생|1000|2017|F
F0078|남|69|미혼|경남|공무원|2500|2017|F
F0096|남|57|미혼|충북|전문직|1200|2017|A
G0043|여|30|미혼|전북|주부|3500|2017|D
G0059|여|45|미혼|전남|전문직|2000|2017|B
G0075|여|69|기혼|경북|전문직|3000|2017|C
G0084|여|59|기혼|충북|주부|2000|2017|B
G0090|여|51|기혼|경기|회사원|3000|2017|F
H0028|여|19|미혼|광주|프리랜서|3500|2017|H
H0037|여|40|미혼|경남|회사원|3500|2017|F
H0049|여|55|기혼|충북|회사원|3000|2017|D
H0072|여|53|기혼|강원|주부|1700|2017|A
H0082|남|60|미혼|경기|개인사업|1500|2017|E
H0085|남|37|기혼|충남|주부|2500|2017|A
H0093|여|44|기혼|충남|개인사업|1500|2017|G
H0095|여|54|미혼|충북|회사원|2000|2017|E
H0097|남|66|미혼|부산|주부|2500|2017|D
I0007|여|53|기혼|강원|공무원|3500|2017|A
I0015|남|55|기혼|강원|프리랜서|2000|2017|F
I0050|남|24|미혼|대구|개인사업|1200|2017|B
I0097|남|60|미혼|충북|회사원|1200|2017|H
J0043|남|51|기혼|강원|회사원|3500|2017|A
J0063|남|27|미혼|경남|개인사업|1200|2017|E
K0017|남|64|기혼|서울|회사원|1000|2017|A
K0024|남|53|기혼|충북|회사원|1200|2017|A
K0032|남|26|기혼|충남|전문직|1500|2017|H
K0047|여|59|미혼|경기|전문직|3000|2017|F
K0051|여|25|미혼|전북|공무원|1700|2017|G
K0061|남|64|미혼|제주|전문직|1500|2017|E
K0072|여|49|미혼|대구|주부|1000|2017|B
K0086|여|47|미혼|충남|공무원|3000|2017|B
K0092|남|50|미혼|대구|프리랜서|3000|2017|G
K0095|여|48|미혼|경기|개인사업|1200|2017|A
L0002|남|32|기혼|경남|개인사업|3000|2017|H
L0010|남|54|기혼|강원|프리랜서|3500|2017|D
L0024|여|70|기혼|부산|개인사업|2000|2017|E
L0033|남|27|미혼|제주|공무원|1700|2017|A
L0044|여|16|미혼|경북|전문직|3500|2017|E
L0056|남|58|기혼|경남|프리랜서|2000|2017|E
M0001|남|24|기혼|인천|학생|2500|2017|E
M0006|남|47|기혼|부산|학생|1700|2017|B
M0009|남|30|기혼|충북|학생|3500|2017|A
M0023|남|46|미혼|제주|개인사업|3000|2017|E
M0041|남|58|기혼|서울|학생|3500|2017|H
M0052|여|25|기혼|대구|회사원|1000|2017|C
M0077|남|21|미혼|전남|회사원|2000|2017|B
N0016|남|44|미혼|대구|회사원|1000|2017|H
N0022|남|17|기혼|경남|전문직|1700|2017|G
N0026|여|55|미혼|전북|학생|2000|2017|D
N0044|남|64|미혼|부산|학생|1200|2017|D
N0053|여|16|기혼|울산|공무원|2500|2017|B
N0073|여|18|미혼|인천|전문직|1500|2017|C
N0075|남|15|미혼|인천|개인사업|1500|2017|B
N0088|여|35|기혼|광주|주부|2000|2017|D
O0004|여|60|미혼|대구|개인사업|1200|2017|C
O0005|남|31|기혼|경남|전문직|2500|2017|A
O0012|여|32|미혼|제주|개인사업|2500|2017|D
O0033|남|64|미혼|충북|회사원|3500|2017|F
O0037|여|62|기혼|대전|학생|3500|2017|E
O0099|여|23|기혼|경기|회사원|1500|2017|C
P0005|남|32|기혼|제주|개인사업|3500|2017|H
P0026|남|61|미혼|경기|회사원|2000|2017|E
P0050|여|41|기혼|제주|학생|1000|2017|A
P0053|남|49|기혼|전남|전문직|2500|2017|A
P0069|여|62|기혼|충남|프리랜서|1200|2017|F
P0084|여|70|미혼|강원|공무원|3000|2017|F
P0091|남|46|미혼|울산|전문직|1000|2017|C
Q0010|남|30|기혼|경기|전문직|3500|2017|A
Q0015|여|52|미혼|충남|공무원|3000|2017|D
Q0017|남|60|기혼|제주|학생|1700|2017|C
Q0027|남|34|기혼|경기|학생|2500|2017|D
Q0050|남|47|기혼|대구|학생|1500|2017|B
Q0052|여|25|기혼|부산|프리랜서|3500|2017|H
Q0082|남|23|기혼|광주|학생|1200|2017|F
Q0086|여|55|미혼|서울|주부|3000|2017|E
Q0089|남|45|기혼|대구|주부|1000|2017|E
Q0098|여|60|미혼|전북|학생|1700|2017|H
Q0100|남|28|미혼|대구|전문직|1700|2017|C
R0019|여|23|기혼|전남|주부|2500|2017|B
R0024|남|64|미혼|서울|공무원|2500|2017|H
S0019|남|68|기혼|대구|회사원|2500|2017|E
S0026|여|26|미혼|울산|회사원|3500|2017|A
S0060|여|31|기혼|인천|개인사업|2500|2017|G
S0061|여|29|미혼|충남|개인사업|2000|2017|A
S0077|남|48|미혼|경남|공무원|1500|2017|G
S0090|여|45|미혼|경남|개인사업|2500|2017|C
S0094|남|52|미혼|대전|전문직|3000|2017|A
T0013|여|41|미혼|충북|회사원|2500|2017|C
T0024|여|61|미혼|충북|회사원|3500|2017|C
T0029|여|68|미혼|울산|전문직|1000|2017|F
T0055|여|26|기혼|부산|전문직|1700|2017|D
T0062|남|50|기혼|경기|전문직|3000|2017|B
T0065|남|48|미혼|세종|공무원|2000|2017|G
U0002|여|41|미혼|경북|주부|3500|2017|G
U0025|남|51|기혼|충북|공무원|2500|2017|F
U0027|남|62|기혼|제주|학생|1000|2017|B
U0040|여|46|기혼|인천|주부|3500|2017|A
U0092|여|33|기혼|전북|프리랜서|2000|2017|H
V0002|여|52|기혼|부산|프리랜서|1200|2017|C
V0006|여|58|기혼|경북|공무원|1200|2017|E
V0031|여|26|미혼|충북|공무원|2500|2017|H
V0032|남|56|미혼|전남|프리랜서|3500|2017|B
V0034|남|15|기혼|충남|회사원|2000|2017|D
V0051|여|33|미혼|울산|공무원|1500|2017|B
V0079|남|24|기혼|부산|주부|1200|2017|F
W0002|남|21|기혼|충남|개인사업|3000|2017|G
W0012|남|48|미혼|충남|회사원|3500|2017|C
W0066|남|64|기혼|경북|전문직|1000|2017|A
W0073|남|46|미혼|서울|주부|3500|2017|A
W0080|여|68|기혼|부산|공무원|1200|2017|F
W0083|여|18|미혼|제주|프리랜서|2000|2017|C
W0092|여|61|미혼|서울|주부|2500|2017|C
W0096|남|64|미혼|충북|회사원|3000|2017|F
W0099|여|66|기혼|전남|전문직|2500|2017|A
Y0003|남|55|기혼|전남|공무원|1500|2017|D
Y0004|여|66|기혼|경기|주부|2000|2017|B
Y0010|여|42|미혼|충북|학생|1200|2017|B
Y0061|여|46|미혼|전북|개인사업|1000|2017|B
Y0063|여|16|미혼|경남|학생|1000|2017|A
Y0070|남|64|기혼|대구|주부|1200|2017|C
Y0089|남|52|미혼|광주|주부|1000|2017|H
Y0100|남|16|미혼|경북|전문직|1000|2017|A
Z0042|남|51|기혼|전북|전문직|2000|2017|D
Z0045|남|60|기혼|부산|프리랜서|1500|2017|G
Z0067|여|17|미혼|대구|전문직|1000|2017|B
Z0076|남|48|기혼|대구|학생|3500|2017|G
Z0077|여|18|기혼|경북|공무원|2000|2017|E
A0001|여|32|미혼|서울|프리랜서|1000|2018|F
A0020|남|65|기혼|대구|주부|3500|2018|F
A0044|여|19|미혼|울산|회사원|3000|2018|A
A0055|여|48|미혼|전남|프리랜서|3500|2018|B
A0065|남|70|기혼|울산|개인사업|1200|2018|F
A0085|여|47|미혼|부산|학생|1000|2018|G
A0092|남|37|미혼|강원|프리랜서|1200|2018|H
B0016|여|36|기혼|인천|공무원|1500|2018|G
B0022|남|41|기혼|경북|학생|2000|2018|G
B0039|남|66|미혼|충북|회사원|3500|2018|A
B0050|여|70|미혼|전북|학생|1500|2018|D
C0018|여|37|기혼|경남|공무원|2000|2018|C
C0027|남|40|미혼|충남|회사원|1000|2018|G
C0028|여|64|기혼|세종|전문직|3000|2018|D
C0029|여|27|미혼|경기|주부|1700|2018|G
C0034|여|61|미혼|서울|공무원|2500|2018|A
C0036|여|28|미혼|강원|프리랜서|1000|2018|A
C0046|여|26|기혼|울산|프리랜서|3500|2018|B
C0052|남|67|기혼|제주|공무원|3000|2018|E
D0001|남|39|기혼|광주|개인사업|3500|2018|A
D0013|여|42|미혼|경기|프리랜서|1500|2018|B
D0020|남|42|기혼|서울|회사원|1700|2018|B
D0029|남|56|미혼|경남|회사원|1500|2018|B
D0035|남|43|미혼|전북|학생|1700|2018|A
D0069|여|16|기혼|경북|회사원|1200|2018|F
D0074|여|20|기혼|충북|개인사업|1500|2018|A
D0091|여|69|기혼|경기|주부|2500|2018|D
E0021|남|37|기혼|부산|회사원|1700|2018|C
E0051|남|23|미혼|전북|주부|2500|2018|G
E0085|여|66|기혼|대전|학생|3500|2018|C
E0096|여|38|기혼|세종|프리랜서|1000|2018|H
F0040|남|41|기혼|세종|주부|3500|2018|D
F0052|남|28|미혼|인천|주부|1000|2018|H
F0060|남|51|미혼|광주|개인사업|2500|2018|F
F0064|남|39|기혼|전남|학생|1000|2018|C
F0079|남|64|기혼|전북|주부|3500|2018|E
F0098|여|20|미혼|부산|공무원|1700|2018|C
G0004|남|43|기혼|제주|전문직|3500|2018|B
G0010|남|49|기혼|대전|회사원|2500|2018|D
G0019|남|25|미혼|서울|주부|2000|2018|H
G0080|여|46|기혼|제주|회사원|1500|2018|G
G0086|여|30|기혼|경기|회사원|2000|2018|G
G0088|남|61|미혼|충남|회사원|1700|2018|G
G0097|여|44|미혼|제주|학생|1000|2018|A
H0009|여|33|미혼|경남|개인사업|1700|2018|G
H0012|여|24|미혼|경남|주부|1500|2018|F
H0034|남|69|미혼|부산|회사원|2000|2018|H
H0064|여|24|미혼|울산|학생|1700|2018|F
H0078|여|45|기혼|경기|주부|1700|2018|E
H0081|남|44|기혼|경기|전문직|2500|2018|C
H0086|남|36|기혼|인천|개인사업|3500|2018|D
I0061|남|31|기혼|대전|주부|3000|2018|C
I0065|여|40|기혼|세종|개인사업|3500|2018|E
I0086|여|15|미혼|전북|주부|2500|2018|D
J0009|여|53|기혼|경북|공무원|1700|2018|H
J0010|남|21|기혼|전남|개인사업|2500|2018|B
J0013|남|67|미혼|강원|주부|3000|2018|H
J0019|여|51|미혼|경기|주부|1200|2018|E
J0070|남|59|미혼|인천|전문직|2000|2018|B
J0087|남|50|미혼|충북|주부|1500|2018|F
J0096|남|70|기혼|세종|주부|2000|2018|D
K0019|여|65|미혼|울산|주부|3500|2018|G
K0020|남|66|미혼|강원|전문직|1700|2018|F
K0021|남|16|기혼|인천|프리랜서|1000|2018|E
K0023|여|56|기혼|전남|공무원|1000|2018|G
K0041|남|32|미혼|충남|전문직|1700|2018|C
K0048|남|34|미혼|인천|개인사업|3500|2018|B
K0050|여|66|기혼|경기|주부|3500|2018|B
K0081|남|28|미혼|충남|프리랜서|1000|2018|E
K0083|남|66|미혼|인천|학생|1000|2018|E
K0085|남|35|기혼|대구|회사원|1700|2018|B
L0080|남|19|미혼|인천|주부|2000|2018|F
M0002|남|45|미혼|인천|프리랜서|3000|2018|F
M0019|남|33|기혼|전북|전문직|1500|2018|F
M0042|여|34|미혼|경북|프리랜서|2500|2018|D
M0074|여|57|미혼|전북|주부|2500|2018|G
M0084|여|27|미혼|울산|전문직|1000|2018|E
N0003|남|45|미혼|경북|공무원|3500|2018|A
N0030|남|44|기혼|광주|학생|1200|2018|A
N0035|여|24|기혼|세종|회사원|1700|2018|D
N0037|여|57|기혼|인천|전문직|1500|2018|E
N0090|여|58|미혼|전남|전문직|2000|2018|H
O0009|남|70|기혼|충남|프리랜서|3000|2018|H
O0017|여|64|기혼|전남|프리랜서|1200|2018|D
O0039|여|15|기혼|인천|전문직|3500|2018|H
O0044|남|16|기혼|대구|회사원|3500|2018|E
O0052|남|44|기혼|서울|회사원|3500|2018|B
O0084|여|59|기혼|충남|학생|1700|2018|C
O0094|여|18|기혼|인천|프리랜서|1500|2018|C
O0100|남|40|미혼|대전|주부|1700|2018|B
P0010|남|65|기혼|대전|공무원|2000|2018|A
P0025|여|21|미혼|세종|주부|1200|2018|B
P0072|여|65|기혼|광주|전문직|2000|2018|F
P0079|남|69|기혼|대구|학생|1200|2018|B
P0100|남|55|미혼|전북|회사원|1000|2018|E
Q0005|여|43|미혼|서울|전문직|1500|2018|A
Q0080|여|19|기혼|울산|회사원|2000|2018|B
R0022|여|68|미혼|울산|주부|3500|2018|H
R0060|여|45|기혼|제주|전문직|2500|2018|C
R0063|여|43|기혼|전남|프리랜서|1000|2018|A
R0075|여|57|기혼|전북|학생|1700|2018|A
R0087|남|28|기혼|경남|전문직|1000|2018|B
R0092|여|46|미혼|충남|개인사업|1700|2018|C
S0017|여|28|기혼|인천|프리랜서|2000|2018|B
S0021|남|17|기혼|경기|학생|3000|2018|B
S0031|남|34|기혼|인천|개인사업|3500|2018|A
S0064|남|37|기혼|충남|프리랜서|3000|2018|F
S0069|남|62|기혼|경남|개인사업|2500|2018|G
S0100|남|43|미혼|경남|공무원|3000|2018|H
T0041|여|15|기혼|세종|프리랜서|1500|2018|B
T0048|남|41|미혼|경기|학생|1700|2018|G
T0067|여|15|미혼|충남|프리랜서|1500|2018|E
T0079|남|47|기혼|전북|프리랜서|1000|2018|E
T0088|남|46|기혼|경기|프리랜서|3500|2018|E
T0095|남|20|기혼|대전|전문직|3000|2018|G
T0098|여|18|미혼|세종|회사원|1700|2018|F
U0042|여|68|기혼|대전|공무원|1500|2018|F
U0049|남|55|미혼|세종|프리랜서|2500|2018|G
U0072|여|70|기혼|대전|주부|1500|2018|E
U0085|여|57|기혼|부산|공무원|1700|2018|F
U0098|여|57|미혼|광주|공무원|3000|2018|E
V0022|여|17|기혼|울산|개인사업|2000|2018|G
V0026|여|32|미혼|대전|학생|2500|2018|D
V0030|여|34|미혼|경기|회사원|1200|2018|B
V0035|남|59|기혼|전남|학생|2500|2018|B
V0037|여|68|미혼|울산|주부|1000|2018|E
V0041|남|24|미혼|광주|전문직|2500|2018|G
V0072|남|52|기혼|제주|학생|3000|2018|C
V0074|남|35|기혼|대구|개인사업|1000|2018|A
V0078|남|67|미혼|경남|전문직|1200|2018|H
V0088|여|30|미혼|대구|학생|1200|2018|F
W0006|남|61|기혼|인천|회사원|3000|2018|D
W0031|남|42|미혼|서울|주부|1200|2018|D
W0037|남|36|미혼|대전|주부|2000|2018|G
W0044|여|62|미혼|전북|개인사업|1500|2018|D
W0053|여|67|기혼|인천|회사원|2000|2018|D
W0061|여|48|기혼|강원|개인사업|1200|2018|F
W0077|남|39|기혼|충남|공무원|2500|2018|D
W0088|남|34|기혼|경남|주부|3000|2018|A
X0012|여|38|기혼|대구|주부|1700|2018|A
X0028|여|28|기혼|전남|프리랜서|2500|2018|G
X0035|남|42|미혼|부산|프리랜서|2500|2018|E
X0060|여|18|기혼|경남|공무원|2500|2018|C
X0094|남|35|기혼|인천|프리랜서|1000|2018|D
Y0019|여|63|미혼|경북|공무원|3500|2018|A
Y0031|남|25|기혼|세종|공무원|1500|2018|H
Y0032|여|57|미혼|충북|학생|2000|2018|A
Y0040|여|65|기혼|경남|전문직|2000|2018|H
Y0065|여|60|기혼|서울|개인사업|3000|2018|A
Y0088|여|39|미혼|서울|프리랜서|3500|2018|A
Y0090|남|43|미혼|전남|공무원|2500|2018|H
Y0098|남|20|미혼|광주|전문직|1700|2018|B
Z0001|여|56|기혼|울산|개인사업|1200|2018|D
Z0040|남|48|기혼|서울|주부|2000|2018|G
Z0052|여|17|미혼|세종|공무원|2000|2018|E
Z0093|남|50|미혼|서울|개인사업|3500|2018|E
A0004|남|31|미혼|광주|공무원|2000|2019|D
A0017|남|48|미혼|충북|프리랜서|1000|2019|B
A0048|여|30|미혼|울산|회사원|3500|2019|H
A0060|남|35|미혼|제주|프리랜서|1200|2019|B
A0063|여|62|미혼|경북|전문직|1700|2019|C
B0035|남|46|미혼|서울|프리랜서|1500|2019|G
B0042|남|54|기혼|세종|개인사업|1700|2019|D
B0086|여|26|미혼|제주|개인사업|2000|2019|A
C0026|남|15|미혼|경기|공무원|1200|2019|G
C0038|남|61|미혼|경북|공무원|3500|2019|F
C0048|여|33|미혼|경북|전문직|3000|2019|A
C0091|여|44|기혼|강원|공무원|1500|2019|G
D0004|여|25|기혼|경기|주부|2500|2019|B
D0007|남|55|기혼|부산|전문직|1000|2019|A
D0042|남|61|미혼|경북|주부|1200|2019|E
D0076|남|41|기혼|대전|개인사업|2500|2019|D
D0078|여|25|기혼|세종|개인사업|1700|2019|A
D0089|여|58|미혼|부산|프리랜서|2000|2019|D
E0024|여|43|미혼|충남|학생|2500|2019|H
E0061|여|31|미혼|충남|개인사업|2000|2019|C
F0009|여|69|기혼|경남|주부|3000|2019|H
F0047|여|60|미혼|세종|프리랜서|1000|2019|G
F0074|여|24|미혼|강원|주부|2000|2019|C
G0013|남|17|미혼|충남|학생|2000|2019|G
G0026|여|61|미혼|부산|학생|1500|2019|D
G0032|여|34|기혼|경북|개인사업|3500|2019|G
G0052|여|59|미혼|충북|전문직|3000|2019|E
G0071|여|41|미혼|충북|학생|1200|2019|C
H0029|여|32|기혼|서울|프리랜서|3000|2019|B
I0003|남|63|기혼|울산|학생|2500|2019|D
I0008|남|52|미혼|울산|공무원|3000|2019|B
I0048|남|54|기혼|광주|전문직|1500|2019|C
I0066|여|22|기혼|경북|주부|3000|2019|B
I0068|여|21|기혼|제주|학생|2000|2019|A
I0093|남|37|미혼|부산|주부|2000|2019|G
J0003|여|27|기혼|광주|주부|2500|2019|A
J0031|여|45|미혼|경남|학생|1500|2019|B
J0045|여|68|기혼|인천|개인사업|3000|2019|E
J0060|여|35|미혼|경기|학생|1700|2019|C
J0071|여|47|기혼|부산|프리랜서|1000|2019|G
J0075|여|36|기혼|광주|공무원|1200|2019|H
J0081|남|29|기혼|대구|회사원|3000|2019|H
J0098|여|54|기혼|서울|주부|2500|2019|C
K0004|여|52|기혼|전남|학생|1500|2019|G
K0016|남|49|기혼|충북|프리랜서|1500|2019|D
K0036|여|35|기혼|충북|개인사업|1000|2019|C
K0037|여|21|미혼|경기|공무원|2000|2019|B
K0043|남|30|기혼|부산|개인사업|1200|2019|F
K0055|남|28|미혼|광주|공무원|3500|2019|A
K0075|남|53|미혼|인천|전문직|1500|2019|F
K0076|남|41|미혼|인천|프리랜서|2500|2019|C
K0079|남|19|미혼|경남|회사원|1200|2019|F
K0082|여|36|기혼|대전|전문직|1000|2019|C
K0093|남|48|기혼|대구|공무원|1500|2019|F
L0016|여|68|기혼|세종|학생|1000|2019|C
L0037|여|42|기혼|광주|개인사업|1200|2019|E
L0045|남|55|기혼|광주|프리랜서|2500|2019|D
L0048|여|27|미혼|인천|공무원|1700|2019|F
L0083|여|55|미혼|강원|프리랜서|3500|2019|H
M0020|남|16|기혼|광주|주부|3000|2019|F
M0030|여|30|기혼|경기|공무원|1700|2019|C
M0039|남|28|기혼|인천|프리랜서|2500|2019|B
M0055|남|23|기혼|대전|전문직|1000|2019|A
M0057|남|24|미혼|대전|프리랜서|2500|2019|G
M0060|남|46|기혼|대전|학생|1000|2019|D
M0089|여|63|미혼|서울|회사원|1000|2019|B
N0006|여|56|기혼|대전|주부|1500|2019|E
N0021|여|59|기혼|경북|주부|2000|2019|G
N0032|여|50|기혼|제주|회사원|1500|2019|A
N0040|여|25|미혼|인천|전문직|1500|2019|F
N0042|여|27|기혼|전북|개인사업|2500|2019|C
N0051|여|45|기혼|전남|주부|1500|2019|B
N0063|여|26|미혼|울산|프리랜서|1700|2019|H
N0065|여|67|미혼|제주|주부|1700|2019|E
O0003|여|26|미혼|세종|공무원|1500|2019|H
O0013|여|37|미혼|대전|전문직|1000|2019|H
O0014|여|50|미혼|경기|전문직|2500|2019|D
O0055|여|53|미혼|광주|개인사업|3000|2019|F
O0057|남|43|기혼|전남|주부|1000|2019|A
O0059|남|37|미혼|경북|전문직|3000|2019|G
O0063|남|21|미혼|대구|회사원|2000|2019|C
O0065|남|37|기혼|충남|전문직|1500|2019|H
O0070|여|15|기혼|경기|개인사업|1200|2019|D
O0079|여|55|미혼|경기|개인사업|1700|2019|C
P0016|남|62|미혼|전북|공무원|1000|2019|H
P0093|남|69|기혼|경기|주부|3000|2019|H
P0094|남|70|기혼|울산|전문직|1700|2019|C
Q0014|남|22|기혼|서울|공무원|2500|2019|A
Q0057|남|23|기혼|전남|개인사업|1000|2019|D
Q0066|여|38|미혼|강원|전문직|2000|2019|A
R0009|남|55|미혼|인천|프리랜서|1200|2019|C
R0015|남|64|미혼|부산|전문직|1000|2019|D
R0029|남|24|미혼|세종|공무원|1000|2019|H
R0043|여|56|미혼|대구|주부|1000|2019|B
R0049|여|46|미혼|충북|주부|2500|2019|A
R0066|남|63|미혼|경북|회사원|3500|2019|H
R0071|남|39|기혼|경기|개인사업|1200|2019|C
R0073|여|55|미혼|대구|공무원|3500|2019|B
S0015|여|56|미혼|전남|개인사업|2000|2019|D
S0029|남|60|기혼|울산|프리랜서|1200|2019|C
S0043|여|24|미혼|부산|전문직|1000|2019|H
S0046|남|24|미혼|전북|학생|2500|2019|C
S0065|남|40|기혼|대전|프리랜서|3000|2019|C
T0010|여|34|미혼|충북|주부|1200|2019|D
T0025|남|64|기혼|울산|공무원|2500|2019|F
T0031|남|49|미혼|충남|프리랜서|3500|2019|A
T0064|남|68|미혼|대구|전문직|2500|2019|E
T0081|남|61|미혼|대구|공무원|3000|2019|A
T0086|남|62|미혼|강원|전문직|3500|2019|E
U0034|여|21|미혼|강원|개인사업|1000|2019|F
U0058|여|60|미혼|대구|프리랜서|2500|2019|A
U0099|여|43|미혼|제주|개인사업|2500|2019|G
V0011|여|70|미혼|대구|개인사업|3000|2019|G
V0017|남|15|기혼|전남|개인사업|3500|2019|C
V0056|여|46|미혼|대전|전문직|2500|2019|C
V0083|남|53|미혼|부산|주부|1700|2019|B
V0100|여|68|미혼|충남|학생|3500|2019|A
W0007|남|54|기혼|부산|전문직|1500|2019|C
W0015|남|44|미혼|대구|개인사업|1000|2019|H
W0019|남|30|미혼|제주|전문직|2000|2019|A
W0089|남|56|미혼|울산|주부|1700|2019|D
W0090|여|64|기혼|세종|전문직|1500|2019|H
W0098|여|51|미혼|제주|회사원|3500|2019|E
X0023|남|63|기혼|세종|공무원|3500|2019|E
X0054|남|35|미혼|경북|공무원|1000|2019|F
X0056|남|18|미혼|경남|전문직|3500|2019|F
X0074|남|32|미혼|서울|개인사업|3500|2019|E
X0095|여|42|미혼|광주|주부|2500|2019|D
Y0024|남|36|기혼|대전|학생|3000|2019|D
Y0025|남|44|미혼|광주|회사원|1500|2019|A
Y0033|남|54|미혼|강원|프리랜서|1700|2019|E
Y0096|여|28|미혼|경북|주부|3500|2019|C
Z0004|남|53|기혼|경기|학생|3500|2019|G
Z0032|여|23|미혼|부산|프리랜서|1700|2019|E
Z0046|여|45|기혼|대구|학생|1000|2019|A
Z0047|여|64|미혼|부산|개인사업|3000|2019|F
Z0069|남|28|기혼|제주|회사원|3000|2019|D
Z0071|남|64|기혼|전북|개인사업|3500|2019|E
A0038|남|21|기혼|세종|회사원|2500|2020|G
A0047|남|25|기혼|강원|주부|2500|2020|D
A0072|여|22|미혼|경남|프리랜서|1700|2020|G
A0077|남|65|기혼|제주|공무원|2000|2020|A
A0080|남|29|기혼|울산|학생|2000|2020|A
A0090|여|54|미혼|전남|회사원|1000|2020|B
A0095|여|54|기혼|부산|주부|1000|2020|E
B0005|남|44|미혼|전북|주부|1500|2020|H
B0027|남|16|기혼|부산|회사원|2500|2020|F
B0051|여|29|미혼|서울|회사원|2000|2020|E
B0061|남|37|기혼|강원|학생|1000|2020|B
B0064|여|62|기혼|제주|개인사업|3000|2020|A
B0073|남|53|기혼|강원|공무원|2500|2020|E
B0081|남|35|미혼|경기|주부|1500|2020|E
B0084|남|39|미혼|대구|학생|3500|2020|F
B0092|남|35|미혼|경남|주부|1000|2020|A
B0098|여|37|미혼|광주|프리랜서|3500|2020|C
C0020|여|39|기혼|경북|학생|1700|2020|C
C0030|남|32|기혼|강원|개인사업|1200|2020|C
C0043|남|64|기혼|광주|회사원|1000|2020|F
C0057|남|47|기혼|세종|전문직|2000|2020|E
C0073|남|65|미혼|울산|개인사업|2000|2020|E
C0089|남|53|기혼|울산|개인사업|2000|2020|H
C0090|남|22|미혼|전남|프리랜서|1000|2020|F
D0041|남|47|기혼|충북|프리랜서|1700|2020|A
D0045|여|69|기혼|경남|프리랜서|2500|2020|B
D0055|여|54|미혼|경북|전문직|3500|2020|G
D0066|여|21|기혼|서울|학생|1500|2020|C
D0068|여|21|기혼|대구|전문직|1700|2020|E
D0071|남|54|미혼|경북|회사원|1000|2020|A
E0003|남|16|기혼|전북|프리랜서|1200|2020|A
E0032|남|29|미혼|충북|공무원|2500|2020|B
E0038|남|26|미혼|세종|개인사업|2500|2020|E
E0052|여|68|기혼|부산|프리랜서|1000|2020|D
E0067|남|52|기혼|제주|주부|2000|2020|F
E0073|남|69|미혼|광주|공무원|3500|2020|A
E0077|남|16|기혼|전북|공무원|3500|2020|F
E0089|여|54|기혼|대구|공무원|3500|2020|B
E0095|남|56|미혼|경남|주부|1000|2020|F
F0019|남|70|미혼|경기|공무원|3500|2020|D
F0025|남|49|기혼|전남|개인사업|2000|2020|F
F0027|남|35|기혼|대전|개인사업|2000|2020|G
F0028|여|46|미혼|경북|전문직|3000|2020|H
F0061|여|61|미혼|대구|주부|3000|2020|H
F0081|여|41|미혼|부산|학생|1500|2020|B
F0093|여|36|미혼|인천|프리랜서|1000|2020|A
F0095|남|28|미혼|경기|전문직|3000|2020|A
G0022|남|59|기혼|제주|회사원|1700|2020|D
G0037|남|56|미혼|충남|개인사업|2000|2020|H
G0040|여|60|기혼|전북|공무원|2000|2020|A
G0054|남|35|기혼|경북|개인사업|2000|2020|C
G0069|남|61|기혼|제주|개인사업|1500|2020|C
G0073|여|29|기혼|서울|학생|3500|2020|E
H0002|여|49|미혼|제주|전문직|2500|2020|F
H0006|남|20|미혼|대전|학생|3500|2020|D
H0040|여|30|미혼|경북|회사원|1700|2020|H
H0048|여|45|미혼|대전|주부|1500|2020|H
H0099|여|17|미혼|경북|전문직|1500|2020|C
I0014|여|69|미혼|경기|개인사업|3000|2020|D
I0017|남|46|미혼|울산|회사원|1000|2020|H
I0032|여|70|미혼|경기|프리랜서|2000|2020|E
I0055|남|37|미혼|광주|프리랜서|2000|2020|F
I0062|여|45|미혼|충남|주부|3500|2020|B
I0070|남|43|기혼|세종|회사원|1000|2020|G
I0071|남|16|미혼|대전|개인사업|2000|2020|A
I0099|여|37|기혼|경남|주부|2500|2020|E
J0029|남|56|기혼|전북|개인사업|1700|2020|C
J0039|여|45|미혼|충북|개인사업|3500|2020|G
J0044|여|35|미혼|인천|회사원|3000|2020|H
J0052|남|37|기혼|충북|프리랜서|1200|2020|D
J0054|남|55|미혼|서울|개인사업|3000|2020|F
J0064|여|31|기혼|경남|공무원|1200|2020|H
J0092|여|28|기혼|대구|프리랜서|1500|2020|B
J0093|남|70|미혼|부산|전문직|1000|2020|H
J0099|남|57|미혼|대구|프리랜서|2000|2020|E
J0100|남|70|기혼|인천|개인사업|1000|2020|C
K0001|남|23|기혼|경남|학생|2000|2020|F
K0005|여|20|기혼|경남|회사원|2500|2020|F
K0007|여|48|미혼|서울|학생|1700|2020|C
K0018|남|34|기혼|서울|주부|3000|2020|G
K0087|여|60|미혼|전북|회사원|2000|2020|H
K0090|남|60|기혼|대전|프리랜서|1000|2020|C
K0097|여|16|미혼|인천|프리랜서|3000|2020|H
K0100|남|45|미혼|서울|개인사업|2000|2020|F
L0006|여|32|미혼|대구|회사원|2500|2020|H
L0027|여|18|미혼|세종|개인사업|1500|2020|B
L0039|여|51|기혼|대전|개인사업|1500|2020|C
L0043|남|67|기혼|서울|회사원|1700|2020|A
L0052|남|25|기혼|전남|회사원|3500|2020|G
L0077|여|49|미혼|충남|학생|2500|2020|B
L0097|남|51|기혼|충북|주부|2500|2020|G
M0004|여|69|기혼|울산|회사원|3000|2020|D
M0014|여|17|미혼|대전|개인사업|2000|2020|A
M0021|남|29|미혼|강원|회사원|1700|2020|H
M0046|남|53|기혼|부산|개인사업|1700|2020|F
M0049|남|52|기혼|부산|프리랜서|1000|2020|G
M0066|남|30|기혼|대전|회사원|1200|2020|F
M0079|여|21|미혼|경남|회사원|3000|2020|H
M0085|여|21|미혼|충북|전문직|2500|2020|A
M0094|여|27|미혼|강원|개인사업|2500|2020|H
M0099|남|18|기혼|광주|전문직|1500|2020|D
N0001|남|53|기혼|전남|공무원|2000|2020|D
N0004|남|40|미혼|경북|전문직|2000|2020|E
N0049|남|65|미혼|전남|주부|1200|2020|G
N0094|여|51|기혼|강원|전문직|1200|2020|C
N0099|여|34|기혼|전남|학생|3000|2020|A
O0001|남|62|기혼|세종|학생|2500|2020|H
O0026|남|28|미혼|부산|개인사업|2500|2020|D
O0036|여|28|기혼|대전|공무원|1200|2020|H
O0043|여|65|기혼|대전|개인사업|1500|2020|F
O0047|남|66|미혼|세종|공무원|3500|2020|D
P0051|여|16|미혼|전남|공무원|3500|2020|F
P0059|여|37|미혼|충남|프리랜서|3500|2020|C
P0067|남|51|기혼|세종|학생|1700|2020|G
P0087|남|42|미혼|경기|학생|3500|2020|B
Q0021|여|34|미혼|광주|회사원|1500|2020|F
Q0041|여|65|미혼|경남|개인사업|2000|2020|B
Q0043|여|31|미혼|경남|주부|1700|2020|D
Q0062|남|31|기혼|경남|회사원|2500|2020|H
R0011|남|43|미혼|경기|공무원|1500|2020|C
R0016|여|26|미혼|제주|학생|1000|2020|D
R0020|여|35|기혼|전남|프리랜서|1500|2020|F
R0023|남|46|미혼|제주|회사원|1500|2020|G
R0032|여|45|기혼|경북|주부|3500|2020|B
R0059|여|70|기혼|인천|학생|2000|2020|F
R0079|여|27|미혼|세종|개인사업|2500|2020|B
R0090|여|21|미혼|충북|전문직|1700|2020|E
R0097|여|40|미혼|제주|회사원|1200|2020|H
R0099|남|62|기혼|충남|개인사업|3000|2020|G
S0009|여|55|기혼|광주|주부|1500|2020|G
S0018|남|18|미혼|대구|공무원|3500|2020|F
S0020|여|21|미혼|세종|공무원|1200|2020|H
S0034|남|65|미혼|경기|학생|1000|2020|H
S0051|남|30|미혼|전북|주부|1500|2020|G
S0063|남|17|기혼|충남|프리랜서|1000|2020|F
S0073|여|43|기혼|부산|학생|1000|2020|A
S0082|남|66|미혼|강원|학생|1500|2020|E
S0089|여|50|미혼|경북|개인사업|1000|2020|A
T0005|여|41|미혼|서울|프리랜서|3000|2020|B
T0037|여|33|기혼|경기|전문직|3500|2020|E
T0047|남|60|기혼|경북|회사원|1200|2020|G
T0060|여|47|미혼|전남|프리랜서|2500|2020|F
U0004|여|38|미혼|세종|프리랜서|1500|2020|E
U0015|여|23|기혼|경북|주부|1500|2020|D
U0024|남|67|미혼|강원|주부|1700|2020|A
U0050|여|46|기혼|전남|전문직|1200|2020|E
U0062|여|42|기혼|강원|주부|1500|2020|D
U0075|남|41|미혼|제주|전문직|1700|2020|B
U0087|남|33|기혼|광주|회사원|1500|2020|H
U0091|남|54|미혼|전남|회사원|2500|2020|E
U0094|남|23|기혼|경기|전문직|3000|2020|B
U0096|남|44|기혼|광주|학생|2500|2020|E
V0003|여|47|기혼|전북|공무원|1500|2020|H
V0009|남|55|미혼|강원|공무원|1500|2020|F
V0013|남|46|기혼|충북|개인사업|1700|2020|D
V0024|여|67|기혼|전북|공무원|2500|2020|G
V0046|남|55|기혼|부산|회사원|1200|2020|B
V0050|여|49|미혼|충북|전문직|1000|2020|C
V0053|남|44|기혼|세종|학생|1500|2020|F
V0065|남|36|미혼|부산|주부|1200|2020|B
V0067|여|56|기혼|대구|전문직|1700|2020|B
V0068|여|62|기혼|부산|개인사업|2000|2020|A
V0075|여|30|기혼|울산|프리랜서|3000|2020|H
V0087|남|68|미혼|제주|프리랜서|1200|2020|H
V0090|남|66|미혼|경기|회사원|2000|2020|F
V0091|남|57|기혼|부산|회사원|1700|2020|A
V0097|여|34|기혼|경기|개인사업|2000|2020|E
W0018|남|46|기혼|제주|전문직|1700|2020|H
W0032|여|43|기혼|제주|회사원|1200|2020|G
W0039|남|64|미혼|광주|전문직|2500|2020|D
W0050|여|67|미혼|울산|프리랜서|2500|2020|A
W0067|남|42|기혼|경기|개인사업|3000|2020|F
W0097|여|15|기혼|부산|전문직|1000|2020|F
X0007|여|21|기혼|서울|개인사업|2500|2020|D
X0008|여|60|기혼|대구|개인사업|3000|2020|B
X0038|여|52|미혼|경기|주부|1200|2020|C
X0062|남|28|기혼|부산|공무원|1200|2020|G
X0076|여|16|기혼|울산|회사원|1500|2020|A
Y0006|남|66|미혼|울산|전문직|1000|2020|G
Y0009|여|48|기혼|충남|전문직|1500|2020|G
Y0034|남|56|기혼|경기|학생|3000|2020|A
Y0046|여|46|미혼|대전|프리랜서|1200|2020|H
Y0071|여|25|미혼|대전|학생|3500|2020|B
Y0075|남|23|기혼|충북|공무원|1500|2020|G
Y0081|남|20|기혼|광주|프리랜서|2500|2020|D
Z0016|여|24|미혼|전남|전문직|1500|2020|A
Z0038|여|27|미혼|서울|프리랜서|1000|2020|F
Z0054|여|52|미혼|대전|전문직|3000|2020|H
Z0070|여|59|기혼|전남|학생|1700|2020|E
Z0079|여|55|기혼|서울|공무원|3500|2020|A
A0003|여|62|기혼|대전|회사원|2500|2021|B
A0015|남|45|미혼|충남|프리랜서|1700|2021|F
A0031|여|29|기혼|전북|주부|1700|2021|G
A0042|남|59|미혼|세종|공무원|3500|2021|B
A0056|여|45|미혼|제주|프리랜서|1000|2021|D
A0069|여|37|기혼|경남|공무원|2000|2021|A
A0071|남|31|미혼|강원|학생|1500|2021|E
B0024|여|45|기혼|광주|개인사업|1000|2021|G
B0030|남|58|기혼|서울|학생|3000|2021|H
B0046|여|33|미혼|전남|주부|1000|2021|E
B0071|여|54|기혼|경기|프리랜서|1000|2021|E
B0097|남|22|미혼|강원|공무원|2000|2021|C
B0099|여|25|미혼|대구|프리랜서|3500|2021|H
C0012|남|49|기혼|제주|개인사업|2500|2021|F
C0013|남|32|미혼|전북|학생|3500|2021|H
C0039|남|50|기혼|경북|주부|2500|2021|A
C0058|남|34|미혼|경북|프리랜서|1200|2021|C
C0067|남|47|미혼|부산|주부|2000|2021|H
C0079|여|57|미혼|전남|개인사업|1700|2021|B
C0097|남|53|미혼|제주|전문직|1000|2021|E
C0099|남|34|기혼|서울|주부|2500|2021|F
D0022|남|59|기혼|경북|주부|2500|2021|C
D0030|여|56|기혼|전남|공무원|1500|2021|D
D0043|여|69|기혼|광주|공무원|2500|2021|B
D0085|남|35|미혼|경북|프리랜서|1000|2021|F
D0088|여|63|기혼|인천|공무원|1200|2021|E
E0028|여|56|기혼|전남|회사원|1000|2021|D
E0036|남|17|기혼|울산|전문직|2000|2021|B
E0048|여|68|기혼|경남|전문직|1700|2021|F
E0072|여|26|기혼|전남|공무원|1200|2021|A
F0004|여|47|미혼|경남|학생|2500|2021|E
F0013|여|65|미혼|대전|개인사업|3000|2021|A
F0018|남|53|기혼|세종|개인사업|1000|2021|G
F0036|여|52|미혼|광주|학생|2500|2021|F
F0058|남|58|기혼|서울|프리랜서|1700|2021|E
F0091|여|26|기혼|인천|프리랜서|1200|2021|E
G0007|남|26|기혼|충북|개인사업|1500|2021|C
G0056|남|26|미혼|충남|프리랜서|2000|2021|E
G0096|여|20|기혼|충북|회사원|2000|2021|D
G0098|남|36|기혼|충북|프리랜서|2500|2021|A
H0024|남|68|기혼|울산|개인사업|1700|2021|B
H0025|남|54|기혼|충북|회사원|3500|2021|E
I0006|여|39|기혼|충북|개인사업|3500|2021|D
I0010|여|68|기혼|대구|프리랜서|3500|2021|E
I0060|남|29|기혼|광주|프리랜서|2000|2021|H
I0081|남|69|미혼|전북|전문직|1000|2021|B
I0087|남|59|기혼|충북|프리랜서|3500|2021|G
I0098|남|70|미혼|부산|주부|1700|2021|A
J0067|여|42|기혼|충북|학생|1500|2021|D
J0091|남|52|미혼|세종|프리랜서|3500|2021|D
K0035|남|68|미혼|경북|공무원|2000|2021|C
K0042|남|17|기혼|충북|전문직|1000|2021|G
K0063|여|52|미혼|세종|회사원|1200|2021|B
K0089|여|54|미혼|전북|학생|1000|2021|B
L0004|여|59|미혼|경기|학생|1700|2021|H
L0032|여|21|미혼|부산|학생|3000|2021|G
L0089|남|37|미혼|충북|전문직|3500|2021|A
M0025|남|49|기혼|충북|주부|3000|2021|G
M0026|여|38|기혼|충남|주부|3000|2021|E
M0048|여|54|미혼|광주|학생|3000|2021|C
M0056|여|46|기혼|제주|개인사업|1700|2021|B
M0058|여|59|미혼|전남|개인사업|1500|2021|D
M0075|남|44|미혼|충북|개인사업|3000|2021|B
M0100|남|20|미혼|충북|회사원|1000|2021|C
N0005|남|39|미혼|경기|전문직|1500|2021|H
N0017|남|27|기혼|인천|주부|2000|2021|G
N0019|남|35|미혼|강원|학생|3000|2021|B
N0024|여|46|미혼|대전|학생|2000|2021|G
N0029|남|68|기혼|광주|프리랜서|1200|2021|G
N0067|남|62|미혼|대구|학생|1000|2021|F
N0077|남|56|기혼|경기|주부|1500|2021|E
O0045|여|41|미혼|경남|주부|2000|2021|G
O0051|남|54|기혼|세종|전문직|2500|2021|E
O0064|여|67|기혼|충북|회사원|3500|2021|C
O0082|남|40|미혼|대구|개인사업|1000|2021|G
O0089|여|66|미혼|울산|공무원|2000|2021|H
O0095|여|19|미혼|광주|학생|1000|2021|G
O0097|남|48|기혼|전남|주부|1500|2021|F
P0007|여|69|기혼|경북|학생|2000|2021|H
P0037|여|60|기혼|대구|개인사업|3000|2021|D
P0052|남|62|기혼|광주|주부|2500|2021|D
P0061|여|52|미혼|충남|프리랜서|2000|2021|C
P0065|남|45|기혼|울산|전문직|3000|2021|G
P0070|남|53|기혼|경기|공무원|2000|2021|F
P0071|여|21|미혼|전남|전문직|1700|2021|G
P0080|남|33|미혼|충북|공무원|1000|2021|H
Q0028|여|46|기혼|경남|개인사업|1700|2021|C
Q0039|여|52|미혼|전북|전문직|2000|2021|F
Q0046|남|36|미혼|경남|전문직|1000|2021|D
Q0051|남|26|미혼|서울|회사원|1200|2021|A
Q0061|여|27|기혼|전남|학생|3000|2021|D
Q0090|남|28|미혼|대전|프리랜서|1500|2021|E
Q0091|남|21|미혼|경기|회사원|2000|2021|E
Q0092|남|24|미혼|세종|프리랜서|2000|2021|B
R0084|여|41|미혼|전남|학생|1000|2021|C
R0091|여|50|미혼|인천|프리랜서|1700|2021|G
S0003|남|29|미혼|대구|프리랜서|1000|2021|B
S0006|남|44|미혼|전남|프리랜서|3000|2021|F
S0074|여|60|기혼|충남|개인사업|1500|2021|F
S0092|남|51|기혼|제주|전문직|1700|2021|B
T0061|여|70|기혼|대구|개인사업|1200|2021|F
T0068|남|70|기혼|세종|학생|3000|2021|C
T0076|여|16|기혼|부산|개인사업|1200|2021|A
T0091|여|50|미혼|대구|공무원|1700|2021|A
T0096|남|70|미혼|서울|개인사업|2500|2021|C
T0100|여|30|미혼|울산|전문직|3500|2021|D
U0045|남|61|미혼|충남|프리랜서|2500|2021|B
V0039|남|29|미혼|부산|학생|1000|2021|B
V0060|남|28|미혼|전북|회사원|3000|2021|B
V0071|여|39|미혼|경기|주부|2000|2021|B
V0084|남|50|기혼|경북|개인사업|1200|2021|C
V0093|여|17|기혼|전남|주부|2500|2021|H
W0001|여|41|기혼|전남|학생|1700|2021|B
W0030|남|51|미혼|대구|개인사업|1200|2021|H
W0035|여|19|미혼|울산|학생|3500|2021|A
W0041|남|54|기혼|대전|주부|1500|2021|G
W0042|여|48|기혼|경기|프리랜서|1700|2021|H
W0045|여|37|미혼|경남|전문직|3500|2021|G
W0051|남|51|기혼|광주|전문직|2000|2021|F
W0054|여|15|기혼|전북|공무원|1500|2021|D
W0070|남|19|미혼|전북|개인사업|1000|2021|G
X0001|여|35|미혼|전남|전문직|2500|2021|C
X0015|남|43|기혼|대구|개인사업|2000|2021|F
X0018|여|41|기혼|세종|프리랜서|2000|2021|B
X0024|남|49|미혼|울산|학생|1500|2021|G
X0036|남|30|미혼|제주|회사원|3500|2021|F
X0064|남|27|미혼|충북|프리랜서|3500|2021|C
X0068|남|70|기혼|울산|공무원|3500|2021|F
X0075|여|31|기혼|인천|학생|1700|2021|C
X0084|남|49|기혼|부산|공무원|2000|2021|G
X0090|남|50|기혼|충남|프리랜서|1700|2021|E
Y0005|남|70|미혼|광주|회사원|1500|2021|G
Y0011|남|27|미혼|대구|주부|1500|2021|C
Y0021|남|62|미혼|경북|공무원|2000|2021|B
Y0022|여|34|미혼|강원|전문직|3000|2021|D
Y0052|여|43|미혼|인천|학생|2000|2021|B
Y0077|남|34|미혼|서울|주부|2500|2021|G
Z0014|남|28|미혼|전북|개인사업|1500|2021|G
Z0021|남|68|기혼|인천|주부|2500|2021|B
Z0062|남|26|미혼|세종|공무원|3500|2021|H
Z0068|여|31|기혼|전남|학생|1000|2021|H
Z0094|여|60|미혼|제주|공무원|1700|2021|G
A0008|여|20|미혼|충북|개인사업|1500|2022|G
A0053|여|49|미혼|경기|공무원|3000|2022|C
A0070|여|42|기혼|대구|주부|1500|2022|A
B0054|여|39|기혼|전북|주부|1000|2022|B
B0070|여|59|미혼|대전|공무원|2000|2022|F
B0096|여|23|기혼|인천|학생|1000|2022|H
C0016|여|58|기혼|부산|전문직|3000|2022|E
C0025|남|35|미혼|대전|학생|1200|2022|F
C0044|여|56|기혼|충북|개인사업|1000|2022|G
C0062|여|48|기혼|강원|주부|2000|2022|D
C0068|남|59|미혼|인천|공무원|2000|2022|G
C0083|여|32|미혼|강원|공무원|1000|2022|A
D0010|남|68|미혼|광주|공무원|1200|2022|D
D0034|여|32|기혼|전북|프리랜서|3000|2022|E
D0038|남|63|기혼|제주|전문직|1200|2022|A
D0050|여|34|기혼|경기|주부|1200|2022|C
D0097|여|23|기혼|제주|학생|1000|2022|H
F0041|여|43|기혼|부산|개인사업|3500|2022|A
F0056|여|70|미혼|서울|학생|3500|2022|G
F0066|남|62|기혼|충북|주부|3500|2022|B
F0080|남|62|미혼|충남|개인사업|1000|2022|G
F0099|남|69|기혼|충북|프리랜서|3500|2022|C
G0005|여|23|미혼|경기|전문직|1200|2022|D
G0012|남|38|미혼|경남|학생|2500|2022|D
G0025|여|57|미혼|충북|개인사업|1000|2022|F
G0028|여|20|미혼|세종|학생|2000|2022|C
G0030|남|60|미혼|경기|프리랜서|2500|2022|H
G0041|남|24|기혼|충북|회사원|1500|2022|B
G0046|여|21|기혼|경남|프리랜서|1000|2022|F
G0060|남|15|미혼|경기|학생|1200|2022|E
G0061|여|50|기혼|광주|주부|2500|2022|B
G0077|여|26|기혼|광주|주부|1700|2022|C
H0011|남|21|기혼|충남|개인사업|2500|2022|A
H0041|여|44|미혼|충남|프리랜서|1000|2022|D
H0060|남|41|기혼|경기|프리랜서|1500|2022|C
H0061|남|17|미혼|전남|공무원|1700|2022|F
H0089|여|54|기혼|인천|공무원|2000|2022|A
I0033|남|31|미혼|대전|개인사업|1700|2022|B
I0035|남|35|기혼|제주|주부|1700|2022|B
I0040|여|42|미혼|울산|공무원|1500|2022|E
I0041|여|36|미혼|제주|전문직|1000|2022|E
I0073|남|25|기혼|충북|주부|2500|2022|H
I0080|남|42|미혼|대전|주부|1000|2022|E
J0011|여|60|미혼|대구|공무원|1500|2022|G
J0033|여|48|기혼|경남|전문직|1200|2022|A
J0056|남|18|기혼|대전|회사원|2500|2022|F
J0058|남|67|미혼|대구|전문직|1200|2022|B
J0069|남|16|기혼|전남|주부|1700|2022|C
J0072|여|25|미혼|전남|전문직|3000|2022|F
J0086|남|49|미혼|경북|공무원|1700|2022|D
J0095|남|58|기혼|강원|공무원|1500|2022|B
K0010|여|23|기혼|광주|공무원|3000|2022|B
K0013|여|60|기혼|서울|학생|3000|2022|C
K0014|남|56|기혼|부산|전문직|2000|2022|D
K0029|남|42|기혼|인천|전문직|1200|2022|E
K0038|남|54|미혼|울산|프리랜서|2000|2022|C
K0044|남|27|기혼|경북|프리랜서|2500|2022|A
L0019|남|22|기혼|강원|학생|1500|2022|B
L0022|남|36|기혼|대전|회사원|3500|2022|E
L0057|여|62|기혼|경북|전문직|1200|2022|C
L0074|여|64|미혼|세종|학생|1700|2022|A
L0099|여|25|미혼|광주|전문직|1200|2022|F
N0069|남|25|미혼|충북|개인사업|1700|2022|D
N0070|남|20|미혼|대전|주부|1000|2022|C
N0071|남|69|미혼|경북|프리랜서|3000|2022|A
N0076|여|21|미혼|전북|개인사업|1000|2022|H
N0081|남|57|기혼|서울|학생|1200|2022|F
N0086|여|20|미혼|서울|회사원|1000|2022|D
N0097|남|35|미혼|경북|학생|1500|2022|E
O0091|남|35|미혼|광주|공무원|2000|2022|A
P0024|여|17|미혼|충북|전문직|3000|2022|H
P0099|여|28|기혼|서울|학생|3000|2022|D
Q0026|여|20|기혼|충북|주부|2000|2022|E
Q0071|남|34|기혼|광주|전문직|1200|2022|F
Q0079|여|18|기혼|경북|개인사업|1500|2022|B
Q0083|여|47|미혼|강원|회사원|1500|2022|H
Q0097|여|47|미혼|대구|공무원|3500|2022|D
R0003|여|28|미혼|울산|공무원|2000|2022|E
R0080|여|43|미혼|충북|학생|3500|2022|G
R0083|여|46|기혼|울산|학생|1000|2022|F
R0093|여|25|미혼|울산|주부|3500|2022|G
R0100|여|42|미혼|경기|회사원|2000|2022|G
S0004|여|34|기혼|울산|학생|3000|2022|G
S0016|여|24|미혼|광주|학생|2000|2022|H
S0024|여|58|기혼|부산|학생|2500|2022|H
S0032|남|41|기혼|광주|전문직|2500|2022|F
S0049|여|55|미혼|강원|개인사업|2000|2022|B
S0055|여|58|미혼|충북|프리랜서|1000|2022|B
S0079|여|21|기혼|강원|개인사업|3500|2022|D
S0080|남|45|미혼|대구|개인사업|2500|2022|E
S0084|남|51|기혼|충북|공무원|2000|2022|E
T0035|여|62|기혼|대전|회사원|2000|2022|G
T0043|남|43|기혼|경남|회사원|1500|2022|E
T0044|여|50|기혼|인천|공무원|3000|2022|H
T0046|여|69|미혼|울산|프리랜서|1700|2022|E
T0070|여|30|미혼|대구|개인사업|3500|2022|C
T0072|남|25|미혼|충남|회사원|1500|2022|A
U0029|여|67|미혼|울산|회사원|3000|2022|C
U0035|여|57|미혼|인천|프리랜서|2000|2022|E
U0055|여|34|미혼|경기|주부|2000|2022|C
U0065|남|49|미혼|제주|학생|1200|2022|D
U0086|여|26|미혼|인천|프리랜서|2500|2022|C
U0088|여|40|미혼|충북|주부|2000|2022|B
V0007|남|29|미혼|인천|공무원|2000|2022|H
V0025|남|53|미혼|서울|개인사업|1200|2022|B
V0038|여|51|미혼|대구|전문직|1500|2022|G
V0096|남|31|기혼|경남|개인사업|1700|2022|C
W0043|여|18|미혼|경북|회사원|2500|2022|F
W0046|남|52|기혼|서울|개인사업|1700|2022|A
W0056|남|16|기혼|전북|전문직|1000|2022|F
W0059|남|58|기혼|서울|공무원|1200|2022|H
W0065|남|49|미혼|경남|개인사업|2000|2022|E
W0094|여|43|미혼|부산|회사원|1200|2022|B
W0095|남|46|미혼|충북|개인사업|1200|2022|D
X0002|여|34|미혼|강원|주부|2000|2022|C
X0066|여|16|기혼|경기|프리랜서|1700|2022|G
Y0008|여|58|기혼|강원|회사원|2500|2022|E
Y0018|남|55|기혼|제주|전문직|1700|2022|F
Y0062|여|42|기혼|제주|학생|3500|2022|G
Y0082|남|43|미혼|제주|회사원|1000|2022|G
Y0091|남|39|기혼|인천|전문직|1000|2022|C
Y0093|남|40|기혼|전북|프리랜서|1200|2022|A
Z0010|남|30|기혼|충남|학생|3500|2022|A
Z0015|여|65|미혼|경북|개인사업|1000|2022|F
Z0026|여|60|미혼|대구|주부|1500|2022|A
Z0031|남|17|기혼|전북|학생|1200|2022|D
Z0033|여|35|미혼|광주|회사원|3000|2022|B
Z0041|여|40|기혼|인천|전문직|1500|2022|D
Z0059|여|21|미혼|대전|주부|3500|2022|F
Z0066|여|49|기혼|전남|개인사업|3000|2022|B
Z0075|여|69|미혼|인천|공무원|1000|2022|G
Z0084|여|43|기혼|제주|회사원|1000|2022|A
A0023|남|15|미혼|인천|전문직|1700|2023|C
A0025|여|36|미혼|세종|주부|1700|2023|H
A0027|여|53|기혼|경남|공무원|1700|2023|G
A0049|여|18|미혼|세종|공무원|2000|2023|E
A0054|남|23|미혼|충남|회사원|3500|2023|B
A0088|남|34|기혼|울산|학생|1500|2023|G
A0091|남|66|기혼|광주|개인사업|2000|2023|E
A0097|여|38|미혼|대구|전문직|2500|2023|C
B0003|여|63|기혼|충북|학생|1700|2023|G
B0028|여|17|기혼|광주|주부|2000|2023|G
B0072|남|49|미혼|대전|주부|2000|2023|H
B0089|여|32|기혼|경남|개인사업|1000|2023|C
B0093|여|70|기혼|세종|전문직|3000|2023|D
C0021|남|35|미혼|인천|회사원|2000|2023|E
C0047|여|66|기혼|서울|전문직|1500|2023|C
C0066|여|29|미혼|제주|프리랜서|1000|2023|B
C0069|남|46|미혼|대구|프리랜서|1700|2023|H
C0072|여|15|기혼|대구|회사원|1200|2023|E
C0078|여|39|미혼|충북|개인사업|1200|2023|E
C0087|남|64|미혼|인천|공무원|2000|2023|F
C0095|여|45|미혼|광주|학생|2000|2023|E
D0008|여|34|미혼|전북|주부|2000|2023|E
D0037|남|49|미혼|강원|개인사업|2000|2023|E
D0098|여|48|미혼|경북|전문직|2000|2023|F
D0100|여|70|미혼|전남|학생|1500|2023|C
E0016|남|61|기혼|경기|전문직|1000|2023|D
E0043|여|59|미혼|경기|개인사업|3500|2023|F
E0046|남|70|기혼|광주|공무원|3500|2023|H
F0001|여|57|기혼|전남|회사원|1000|2023|F
F0055|남|23|미혼|충북|개인사업|3000|2023|G
F0073|여|33|기혼|부산|주부|1700|2023|F
F0082|여|35|미혼|대전|주부|1200|2023|A
F0085|남|28|미혼|경북|프리랜서|1200|2023|E
G0011|남|51|기혼|충북|개인사업|3500|2023|A
G0057|남|27|미혼|광주|주부|2000|2023|B
G0070|여|67|기혼|대전|학생|1000|2023|D
G0072|남|46|기혼|전북|학생|1700|2023|G
H0014|남|41|미혼|전북|개인사업|3500|2023|A
H0016|여|48|미혼|전남|주부|1200|2023|G
H0018|남|69|기혼|경기|공무원|1200|2023|D
H0019|남|23|기혼|광주|전문직|3000|2023|C
H0043|남|56|기혼|전북|학생|3000|2023|D
H0053|여|60|기혼|경남|공무원|3000|2023|F
H0066|남|15|미혼|충북|공무원|2000|2023|F
H0068|남|39|기혼|울산|전문직|1500|2023|B
I0045|남|70|미혼|충남|프리랜서|1200|2023|H
I0083|남|20|미혼|대전|프리랜서|1200|2023|F
I0094|여|53|미혼|전남|전문직|2000|2023|G
I0095|남|60|기혼|제주|프리랜서|1200|2023|A
I0096|남|57|미혼|충북|개인사업|1700|2023|F
J0004|남|39|미혼|대구|학생|2500|2023|C
J0027|남|33|미혼|경북|개인사업|1200|2023|E
J0036|여|56|기혼|광주|주부|1000|2023|H
J0053|여|67|미혼|제주|회사원|3000|2023|C
J0062|남|43|미혼|충북|프리랜서|1700|2023|B
J0068|남|54|미혼|충북|학생|3000|2023|F
J0090|여|29|미혼|세종|프리랜서|2500|2023|E
K0008|남|56|기혼|대구|학생|1700|2023|E
K0091|여|44|미혼|인천|프리랜서|1000|2023|C
K0096|여|17|미혼|대전|개인사업|1200|2023|F
L0001|남|55|기혼|광주|학생|1700|2023|H
L0050|남|38|기혼|경남|학생|2500|2023|E
L0066|남|68|기혼|울산|프리랜서|1500|2023|G
L0082|남|16|미혼|경기|전문직|1200|2023|F
L0086|남|56|기혼|전북|공무원|1500|2023|G
L0090|여|36|기혼|광주|공무원|2000|2023|E
M0012|남|50|미혼|경기|학생|2000|2023|C
M0018|남|25|기혼|부산|전문직|1200|2023|G
M0033|여|48|기혼|전북|프리랜서|3000|2023|B
M0040|남|47|미혼|대구|공무원|3000|2023|A
M0043|남|15|미혼|제주|회사원|1200|2023|H
M0047|남|48|미혼|대전|학생|1700|2023|G
M0065|여|61|미혼|서울|공무원|1700|2023|F
M0095|남|49|기혼|전남|학생|1000|2023|H
N0046|여|52|미혼|경남|공무원|3500|2023|C
O0042|남|59|기혼|제주|학생|3500|2023|F
O0058|남|24|기혼|광주|전문직|3000|2023|E
O0073|남|49|미혼|부산|주부|1000|2023|G
O0077|남|49|기혼|울산|학생|1000|2023|D
O0080|남|52|기혼|제주|공무원|3000|2023|E
P0032|여|55|미혼|전남|공무원|1000|2023|E
P0046|여|56|기혼|전북|학생|2000|2023|D
P0049|여|61|기혼|경남|개인사업|1000|2023|B
P0055|여|58|기혼|광주|회사원|2500|2023|B
P0063|여|41|미혼|대전|프리랜서|1000|2023|G
Q0001|여|21|기혼|서울|주부|2500|2023|E
Q0008|남|37|기혼|경기|개인사업|3000|2023|D
Q0019|남|18|미혼|강원|프리랜서|1500|2023|B
Q0031|여|31|기혼|전남|주부|3000|2023|F
Q0034|남|42|미혼|울산|프리랜서|1200|2023|C
Q0038|여|70|기혼|경남|개인사업|3500|2023|E
Q0048|여|37|기혼|광주|전문직|3000|2023|G
Q0056|여|29|미혼|강원|개인사업|3000|2023|H
Q0064|여|67|기혼|충남|프리랜서|1500|2023|D
Q0068|남|60|미혼|부산|공무원|1500|2023|H
Q0069|여|41|미혼|세종|회사원|3500|2023|C
Q0085|여|45|미혼|경북|개인사업|3000|2023|F
Q0088|여|67|미혼|울산|학생|1700|2023|C
R0027|남|50|미혼|충북|회사원|3000|2023|A
R0030|여|57|미혼|대구|프리랜서|2500|2023|C
R0035|여|31|기혼|전북|전문직|3000|2023|G
R0068|여|39|미혼|인천|공무원|1700|2023|G
R0069|남|18|기혼|광주|주부|3000|2023|B
R0081|남|20|기혼|울산|주부|1500|2023|H
S0008|남|37|기혼|경남|전문직|1000|2023|C
S0011|남|56|미혼|부산|주부|2500|2023|F
S0033|여|27|기혼|대전|전문직|3000|2023|E
S0052|여|26|미혼|부산|회사원|3500|2023|A
S0071|여|41|미혼|광주|공무원|1200|2023|E
S0088|남|65|기혼|대전|개인사업|2000|2023|B
T0014|여|18|미혼|충북|개인사업|1700|2023|H
T0045|여|40|기혼|대구|회사원|3500|2023|B
T0052|남|40|미혼|인천|회사원|2500|2023|E
T0071|남|63|미혼|강원|회사원|2500|2023|E
T0077|여|37|기혼|인천|프리랜서|3000|2023|A
T0078|남|19|미혼|인천|회사원|3000|2023|F
T0080|여|57|기혼|제주|전문직|1700|2023|E
T0085|여|66|기혼|경기|주부|1200|2023|G
T0094|여|20|기혼|서울|학생|1500|2023|C
U0030|여|25|기혼|울산|공무원|3000|2023|H
U0033|여|24|미혼|광주|전문직|1700|2023|H
U0046|남|57|기혼|광주|주부|3500|2023|A
U0048|여|47|미혼|경기|학생|1500|2023|B
U0056|남|34|기혼|경기|전문직|1200|2023|A
U0060|남|51|미혼|광주|학생|1700|2023|G
U0063|남|40|미혼|대구|프리랜서|2500|2023|H
U0071|여|64|기혼|대전|학생|3500|2023|F
U0078|남|65|미혼|인천|공무원|3000|2023|F
V0015|여|52|미혼|인천|전문직|1000|2023|H
V0019|여|30|미혼|강원|회사원|2000|2023|B
V0048|남|26|기혼|충남|개인사업|1200|2023|A
V0049|남|48|기혼|전남|전문직|2500|2023|G
V0057|남|29|기혼|전남|주부|1500|2023|D
W0014|여|32|기혼|전남|공무원|2000|2023|B
W0020|남|23|미혼|서울|전문직|1200|2023|B
W0058|남|66|기혼|울산|전문직|2000|2023|B
W0071|남|20|미혼|부산|학생|1000|2023|E
W0085|남|27|기혼|강원|주부|1200|2023|E
X0004|남|30|기혼|인천|학생|2000|2023|G
X0011|여|31|기혼|경북|학생|3000|2023|A
X0020|여|53|미혼|인천|주부|1700|2023|B
X0025|남|48|기혼|대전|전문직|3500|2023|A
X0049|여|58|미혼|제주|개인사업|2500|2023|G
X0081|남|25|기혼|강원|공무원|2500|2023|C
X0082|남|44|미혼|서울|전문직|1200|2023|F
X0097|남|32|기혼|부산|공무원|1700|2023|B
Y0002|남|21|미혼|충남|공무원|3500|2023|F
Y0023|여|55|미혼|대구|개인사업|2500|2023|B
Y0030|여|47|기혼|대구|회사원|3000|2023|D
Y0069|남|37|기혼|인천|회사원|1000|2023|B
Y0080|남|16|기혼|경북|학생|1200|2023|D
Y0083|남|50|기혼|충남|프리랜서|1700|2023|F
Z0018|여|50|기혼|광주|주부|1700|2023|A
Z0028|남|49|기혼|충북|공무원|3000|2023|B
Z0064|남|32|기혼|서울|주부|2500|2023|C
Z0095|여|15|미혼|대구|공무원|1700|2023|A
A0002|남|53|미혼|충남|주부|2500|2024|A
A0009|여|60|미혼|경남|프리랜서|3500|2024|D
A0046|남|25|미혼|경남|주부|1700|2024|B
A0058|남|47|기혼|울산|학생|1000|2024|G
A0073|남|17|기혼|전북|프리랜서|1500|2024|A
A0094|여|39|미혼|제주|학생|2500|2024|C
B0021|여|65|미혼|충북|전문직|2500|2024|E
B0034|남|51|미혼|경북|개인사업|1500|2024|E
B0040|남|31|미혼|경북|학생|3500|2024|F
B0069|여|53|미혼|경남|주부|1200|2024|G
B0075|여|41|기혼|대전|전문직|2000|2024|C
B0078|남|67|미혼|충북|학생|1500|2024|F
C0005|남|29|기혼|서울|개인사업|1700|2024|F
C0040|남|66|미혼|인천|공무원|1000|2024|G
C0061|남|53|기혼|부산|전문직|3000|2024|G
C0081|여|56|미혼|광주|전문직|2000|2024|E
D0019|여|48|기혼|부산|공무원|3000|2024|G
D0032|여|25|기혼|대구|개인사업|1700|2024|C
D0036|여|17|기혼|제주|개인사업|1200|2024|F
D0039|여|31|미혼|경기|전문직|1700|2024|B
D0058|여|17|기혼|경북|프리랜서|1000|2024|H
D0060|여|68|미혼|강원|회사원|1700|2024|B
D0080|여|30|기혼|서울|개인사업|2500|2024|D
D0087|여|46|미혼|경기|개인사업|1700|2024|G
E0013|남|20|기혼|세종|프리랜서|1200|2024|D
E0044|남|19|기혼|인천|학생|2500|2024|F
E0079|여|49|미혼|전남|주부|3500|2024|G
E0081|남|25|미혼|경남|공무원|2000|2024|C
E0091|여|36|미혼|충남|회사원|1500|2024|F
E0097|남|33|기혼|세종|프리랜서|1000|2024|E
F0006|여|64|미혼|충북|개인사업|1500|2024|G
F0029|남|64|기혼|전북|개인사업|1700|2024|F
F0032|남|44|미혼|대전|개인사업|1700|2024|C
F0057|여|26|기혼|광주|회사원|2000|2024|B
F0083|남|45|미혼|대구|전문직|1200|2024|F
F0097|남|24|미혼|대전|학생|1000|2024|F
G0016|남|55|기혼|인천|회사원|1700|2024|C
G0045|여|64|미혼|서울|공무원|1700|2024|E
G0066|남|53|기혼|충북|개인사업|1200|2024|A
G0083|여|65|기혼|경기|주부|1200|2024|D
G0089|남|16|기혼|강원|주부|2000|2024|G
G0092|남|20|미혼|서울|학생|2500|2024|B
H0020|남|65|미혼|경남|개인사업|2500|2024|D
H0022|여|28|기혼|울산|프리랜서|1200|2024|B
H0031|남|51|기혼|충남|학생|3500|2024|E
H0091|여|60|기혼|인천|주부|1200|2024|C
H0098|여|57|기혼|울산|전문직|1200|2024|B
I0021|남|54|기혼|충남|회사원|3500|2024|F
I0023|남|66|미혼|충남|학생|3500|2024|B
I0029|여|38|기혼|충남|학생|2500|2024|C
I0046|남|17|기혼|경남|공무원|3000|2024|D
I0056|남|33|미혼|전남|프리랜서|2500|2024|H
I0058|여|20|기혼|울산|전문직|2000|2024|E
I0088|남|52|미혼|서울|회사원|3000|2024|D
I0100|남|48|기혼|충남|개인사업|3500|2024|A
J0026|여|59|기혼|광주|개인사업|3500|2024|G
J0040|남|36|기혼|인천|주부|2500|2024|E
J0046|여|37|기혼|경남|학생|3500|2024|C
J0082|남|54|기혼|서울|공무원|1000|2024|G
J0083|남|24|미혼|전북|개인사업|1700|2024|H
J0084|여|15|미혼|대전|프리랜서|1700|2024|E
K0026|남|56|기혼|전남|회사원|1700|2024|A
K0031|여|48|미혼|경남|프리랜서|1500|2024|F
K0040|여|66|기혼|충북|학생|3500|2024|G
K0058|여|44|미혼|충북|학생|3500|2024|F
L0007|여|34|기혼|경남|전문직|1500|2024|H
L0035|남|18|미혼|인천|프리랜서|1700|2024|A
L0036|남|34|미혼|경남|공무원|2000|2024|B
L0067|남|36|미혼|경북|프리랜서|1200|2024|F
L0078|여|53|미혼|부산|전문직|2500|2024|G
L0100|남|40|미혼|제주|주부|3000|2024|A
M0005|남|60|미혼|충남|전문직|2000|2024|F
M0031|남|24|기혼|전남|공무원|2500|2024|B
M0032|여|69|기혼|광주|프리랜서|1200|2024|F
M0067|남|45|기혼|인천|주부|1000|2024|G
M0087|남|61|미혼|경북|학생|1200|2024|E
N0023|남|61|기혼|경남|공무원|2000|2024|G
N0074|여|26|기혼|광주|주부|3000|2024|C
N0098|남|23|미혼|인천|주부|3000|2024|G
O0027|여|58|기혼|부산|프리랜서|3500|2024|E
O0032|여|30|미혼|울산|개인사업|3500|2024|G
O0034|남|62|기혼|전북|회사원|2000|2024|H
O0062|남|40|기혼|강원|전문직|3500|2024|A
O0075|여|49|기혼|서울|학생|1200|2024|F
P0009|여|43|기혼|부산|학생|1500|2024|D
P0030|여|21|기혼|대전|학생|3000|2024|A
P0041|여|60|미혼|대전|학생|2500|2024|C
P0043|남|40|기혼|경북|공무원|1200|2024|E
P0062|남|57|기혼|충남|회사원|2000|2024|B
P0085|여|31|기혼|전남|학생|1000|2024|G
Q0002|남|67|미혼|충남|학생|1700|2024|D
Q0003|여|25|기혼|충남|프리랜서|1700|2024|F
Q0035|여|41|기혼|대전|회사원|1500|2024|H
Q0070|여|56|미혼|대전|회사원|1700|2024|E
Q0076|여|70|기혼|대구|전문직|2500|2024|G
Q0099|여|36|미혼|서울|개인사업|3000|2024|C
R0001|남|51|기혼|대구|개인사업|3500|2024|H
R0010|남|44|미혼|전남|전문직|1500|2024|H
R0025|남|68|기혼|울산|주부|3000|2024|D
R0042|여|35|미혼|부산|회사원|1200|2024|H
R0047|여|63|기혼|울산|회사원|1700|2024|F
R0053|여|30|기혼|강원|학생|1500|2024|C
R0054|여|65|미혼|제주|공무원|3000|2024|F
R0088|여|69|기혼|강원|회사원|1200|2024|B
S0010|남|70|기혼|인천|회사원|1700|2024|D
S0022|여|37|기혼|강원|공무원|1500|2024|E
S0027|남|56|기혼|충북|전문직|1000|2024|E
S0066|여|61|기혼|경남|회사원|1000|2024|H
S0068|여|22|기혼|서울|학생|2000|2024|C
S0070|남|63|기혼|제주|전문직|1200|2024|B
S0083|여|70|기혼|경남|전문직|1200|2024|E
S0099|남|25|미혼|제주|주부|1200|2024|D
T0006|남|24|미혼|경기|공무원|1700|2024|A
T0009|여|45|기혼|충남|프리랜서|1200|2024|D
T0021|여|53|미혼|광주|프리랜서|2000|2024|F
T0023|남|61|미혼|제주|프리랜서|3500|2024|H
T0087|남|22|미혼|대구|회사원|1700|2024|F
U0007|여|42|기혼|부산|학생|1000|2024|E
U0028|남|64|미혼|충남|공무원|3000|2024|B
U0047|여|42|기혼|광주|전문직|1500|2024|G
U0084|여|54|기혼|대구|공무원|1000|2024|F
V0028|여|18|기혼|서울|학생|1700|2024|F
V0095|남|61|미혼|광주|주부|1700|2024|B
W0003|여|55|기혼|대전|주부|1200|2024|D
W0008|여|28|기혼|부산|주부|1000|2024|D
W0009|여|49|기혼|울산|프리랜서|2000|2024|E
W0023|남|44|미혼|대구|회사원|1200|2024|D
W0040|남|30|미혼|충북|전문직|1200|2024|A
W0047|여|20|기혼|부산|회사원|2500|2024|B
W0048|여|52|기혼|경기|주부|3000|2024|H
W0072|여|68|기혼|서울|프리랜서|1000|2024|A
W0093|여|69|미혼|경기|전문직|1000|2024|G
X0010|여|65|미혼|세종|전문직|3500|2024|E
X0031|여|35|기혼|충북|개인사업|3000|2024|F
X0042|남|60|기혼|대전|프리랜서|1200|2024|B
X0057|남|46|기혼|세종|전문직|2000|2024|E
X0058|여|69|미혼|대전|회사원|3000|2024|B
X0063|여|64|기혼|전북|공무원|1000|2024|D
X0067|남|27|미혼|제주|전문직|2000|2024|E
X0078|여|15|미혼|경북|프리랜서|3500|2024|B
X0085|남|67|미혼|세종|학생|1700|2024|C
X0089|남|67|미혼|전북|개인사업|3500|2024|A
X0093|남|35|기혼|대구|회사원|1700|2024|B
Y0016|여|32|미혼|충남|회사원|2000|2024|A
Y0036|남|65|미혼|전남|학생|2500|2024|G
Y0042|남|66|기혼|제주|전문직|1000|2024|A
Y0048|여|28|기혼|제주|공무원|3000|2024|B
Y0060|남|50|기혼|인천|개인사업|1200|2024|D
Y0095|여|65|기혼|충북|주부|2000|2024|A
Z0006|여|45|기혼|강원|주부|3500|2024|H
Z0020|남|69|기혼|대전|학생|1700|2024|G
Z0023|여|19|미혼|대구|프리랜서|3500|2024|D
Z0027|여|22|미혼|서울|회사원|1500|2024|C
Z0049|여|47|미혼|충남|개인사업|2000|2024|H
Z0087|남|70|기혼|대구|공무원|1500|2024|A
A0006|여|30|미혼|인천|전문직|2000|2025|D
A0013|여|43|미혼|인천|전문직|1500|2025|E
A0033|남|30|기혼|대전|프리랜서|3000|2025|D
A0035|여|52|미혼|대전|공무원|3500|2025|E
A0067|여|43|기혼|강원|전문직|2000|2025|H
A0087|남|17|기혼|광주|주부|1700|2025|D
A0100|남|23|미혼|경북|공무원|1700|2025|D
B0002|남|63|기혼|경남|개인사업|1500|2025|F
B0012|남|37|미혼|경남|회사원|3500|2025|E
B0013|여|65|기혼|전남|전문직|1700|2025|E
B0015|남|24|미혼|전남|회사원|1000|2025|H
B0056|남|35|기혼|대전|공무원|1200|2025|E
B0062|남|20|미혼|대전|학생|1000|2025|F
C0001|남|38|기혼|대구|프리랜서|1500|2025|B
C0010|여|24|기혼|충북|프리랜서|1500|2025|H
C0014|여|27|미혼|대구|프리랜서|1700|2025|E
C0023|여|58|미혼|제주|회사원|2000|2025|E
C0032|남|48|미혼|제주|프리랜서|2500|2025|F
C0085|남|57|기혼|서울|개인사업|1000|2025|G
D0002|여|64|기혼|경북|프리랜서|2500|2025|C
D0009|여|64|미혼|충남|공무원|2500|2025|B
D0014|여|62|미혼|충남|전문직|2000|2025|A
D0024|남|57|기혼|부산|공무원|3000|2025|F
D0046|여|23|기혼|광주|프리랜서|1000|2025|A
D0077|여|62|기혼|경북|학생|1700|2025|D
D0082|여|22|기혼|충북|회사원|1200|2025|C
D0095|여|44|미혼|제주|주부|2500|2025|F
E0034|남|26|미혼|강원|개인사업|1500|2025|A
E0035|남|32|기혼|대전|공무원|2500|2025|H
E0050|여|63|미혼|대구|학생|2500|2025|G
E0055|남|22|미혼|경기|회사원|1700|2025|B
E0063|여|22|미혼|부산|주부|1500|2025|A
E0066|남|20|미혼|경남|프리랜서|1700|2025|B
E0080|남|30|미혼|울산|주부|3000|2025|B
E0082|남|48|미혼|경북|주부|3000|2025|A
E0084|여|40|기혼|광주|학생|1000|2025|F
E0092|여|48|기혼|인천|공무원|1000|2025|D
E0098|여|17|미혼|경북|프리랜서|1200|2025|D
F0020|남|37|기혼|울산|학생|2500|2025|A
F0043|여|54|미혼|경남|개인사업|2000|2025|G
F0049|여|66|미혼|인천|개인사업|3000|2025|F
F0054|여|26|미혼|제주|전문직|2500|2025|D
F0065|여|50|미혼|전북|전문직|1700|2025|A
F0067|여|34|기혼|대구|공무원|1000|2025|G
F0092|여|33|기혼|대구|회사원|1200|2025|A
F0100|여|49|미혼|서울|전문직|1000|2025|D
G0008|남|30|기혼|강원|학생|2500|2025|F
G0024|남|30|기혼|서울|전문직|2000|2025|G
G0044|여|23|미혼|충북|개인사업|1700|2025|D
G0099|여|44|기혼|인천|개인사업|1000|2025|A
H0010|남|47|기혼|대전|회사원|3000|2025|D
H0026|남|16|기혼|전북|프리랜서|2500|2025|D
H0047|여|68|미혼|대전|프리랜서|3500|2025|A
H0055|여|35|기혼|제주|공무원|1000|2025|D
H0056|여|28|기혼|강원|주부|3500|2025|D
H0062|여|56|미혼|인천|주부|1000|2025|D
H0069|여|22|미혼|울산|전문직|2500|2025|F
I0034|남|30|기혼|충북|주부|3000|2025|F
I0038|남|40|기혼|광주|전문직|3000|2025|D
I0043|남|60|기혼|제주|주부|1700|2025|B
I0064|남|32|미혼|경기|학생|2500|2025|E
J0002|여|38|기혼|울산|회사원|2500|2025|C
J0008|남|59|기혼|대전|전문직|1500|2025|A
J0021|여|64|미혼|충북|공무원|1000|2025|D
J0042|남|31|기혼|대구|학생|3000|2025|D
J0047|여|41|기혼|제주|주부|1000|2025|H
J0048|여|45|미혼|전남|주부|1200|2025|E
J0049|남|22|기혼|광주|학생|1700|2025|C
K0003|여|48|미혼|제주|공무원|3000|2025|D
K0062|여|49|기혼|세종|전문직|1200|2025|C
K0069|남|52|미혼|인천|주부|3500|2025|B
K0074|남|52|미혼|충북|전문직|3500|2025|D
K0094|남|58|기혼|경기|공무원|3500|2025|H
L0012|여|63|미혼|부산|주부|1200|2025|B
L0013|여|48|미혼|부산|전문직|1000|2025|F
L0051|남|63|미혼|경기|전문직|1200|2025|B
L0061|여|58|미혼|충북|전문직|1200|2025|A
L0071|남|19|기혼|광주|전문직|3500|2025|D
L0096|남|20|기혼|부산|학생|1500|2025|G
M0007|여|17|기혼|전남|공무원|2000|2025|G
M0024|남|53|기혼|대전|개인사업|1000|2025|E
M0036|여|24|기혼|대전|전문직|3500|2025|F
M0088|남|16|미혼|광주|학생|1500|2025|A
N0025|여|20|미혼|대전|회사원|2000|2025|A
N0041|남|16|기혼|광주|공무원|2000|2025|G
N0043|여|16|미혼|강원|프리랜서|3500|2025|G
N0055|남|44|미혼|대구|프리랜서|3000|2025|F
N0072|남|25|기혼|경남|주부|2000|2025|F
O0022|여|67|미혼|대전|전문직|1700|2025|C
O0060|여|70|미혼|경북|전문직|1200|2025|D
O0076|여|28|기혼|부산|주부|3500|2025|H
O0085|남|32|기혼|경기|공무원|3500|2025|C
O0090|남|64|기혼|인천|학생|2500|2025|G
O0093|여|34|미혼|강원|개인사업|1200|2025|F
P0013|남|25|미혼|세종|개인사업|3000|2025|G
P0022|남|65|기혼|세종|학생|1200|2025|G
P0027|남|26|기혼|부산|개인사업|1000|2025|D
P0034|여|32|미혼|부산|프리랜서|3000|2025|G
P0036|여|51|미혼|광주|회사원|1000|2025|G
P0064|여|60|미혼|서울|회사원|2500|2025|H
Q0029|남|36|기혼|경남|공무원|1000|2025|D
Q0033|여|32|미혼|제주|개인사업|3000|2025|G
Q0037|여|33|미혼|인천|전문직|2500|2025|G
Q0042|여|49|미혼|부산|주부|1200|2025|A
Q0077|남|15|미혼|충남|전문직|1500|2025|F
R0004|여|68|미혼|전북|전문직|1200|2025|C
R0017|여|32|미혼|경북|개인사업|1500|2025|D
R0018|남|35|기혼|부산|주부|2000|2025|D
R0034|여|67|미혼|인천|학생|1500|2025|E
R0038|여|69|미혼|전북|프리랜서|1700|2025|G
R0039|여|46|미혼|전남|회사원|2000|2025|A
R0051|남|17|미혼|대전|학생|1000|2025|H
R0085|여|25|기혼|충남|학생|2000|2025|A
R0089|여|52|기혼|부산|학생|3000|2025|H
S0035|여|60|미혼|전남|개인사업|3000|2025|D
S0042|여|70|기혼|경남|학생|1500|2025|G
S0047|여|47|기혼|전북|회사원|2000|2025|D
S0072|여|26|미혼|경기|전문직|3000|2025|B
S0081|남|15|미혼|광주|전문직|1700|2025|C
S0085|남|41|미혼|대구|전문직|3500|2025|G
S0093|여|52|기혼|충북|회사원|1200|2025|C
S0095|여|67|미혼|대전|프리랜서|1000|2025|B
S0096|남|34|미혼|충남|학생|1500|2025|F
T0017|여|29|미혼|대구|전문직|1700|2025|E
T0020|남|40|기혼|광주|공무원|2500|2025|F
T0028|여|36|미혼|세종|프리랜서|1200|2025|E
T0034|여|61|미혼|광주|개인사업|1500|2025|D
T0036|남|30|미혼|대구|회사원|3500|2025|F
T0097|여|21|기혼|부산|프리랜서|1000|2025|A
U0008|남|21|미혼|세종|회사원|3000|2025|B
U0041|여|54|미혼|부산|개인사업|1200|2025|B
U0059|여|19|미혼|부산|개인사업|1700|2025|H
U0077|여|39|기혼|울산|학생|1700|2025|C
U0081|여|30|미혼|충남|프리랜서|1000|2025|D
V0016|남|36|기혼|강원|회사원|1000|2025|G
V0027|여|44|기혼|세종|프리랜서|3000|2025|C
V0043|남|39|미혼|서울|프리랜서|2000|2025|A
V0054|남|55|미혼|전남|개인사업|1700|2025|F
W0004|남|57|기혼|전남|학생|1500|2025|B
W0005|남|41|기혼|경기|프리랜서|1000|2025|E
W0011|남|54|미혼|경북|공무원|1500|2025|G
W0038|남|23|기혼|전북|프리랜서|1700|2025|H
W0064|남|28|미혼|세종|공무원|3500|2025|C
W0075|남|26|미혼|광주|회사원|1700|2025|C
W0081|여|57|기혼|울산|전문직|1500|2025|E
W0084|남|63|기혼|강원|프리랜서|1000|2025|D
X0032|남|34|기혼|강원|프리랜서|1200|2025|D
X0040|여|32|미혼|충북|공무원|2000|2025|E
X0044|여|34|미혼|제주|공무원|1000|2025|F
X0053|남|22|미혼|제주|개인사업|3000|2025|H
X0073|남|49|미혼|전북|주부|2000|2025|D
X0099|남|16|기혼|세종|공무원|3500|2025|H
Y0007|여|24|기혼|대구|개인사업|1000|2025|F
Y0029|남|17|기혼|서울|개인사업|2000|2025|G
Y0038|여|29|기혼|인천|주부|1700|2025|D
Y0055|남|40|기혼|부산|개인사업|3000|2025|F
Y0087|남|42|미혼|인천|회사원|2000|2025|A
Z0072|여|62|미혼|세종|학생|1200|2025|H
Z0078|여|38|미혼|전북|개인사업|3500|2025|E
Z0085|여|33|미혼|세종|학생|2500|2025|E
Z0086|남|49|미혼|대전|공무원|1000|2025|F
